7.55,7.53971,7.54,7.53416,7.53,7.52,7.51001,7.5,7.49001,7.47998,7.47107,7.44991,7.43746,7.42029,7.4,7.37979,7.36103,7.33413,7.30968,7.27902,7.2589,7.23,7.19107,7.16256,7.13131,7.08862,7.05743,7.01886,6.98,6.931,6.8904,6.83872,6.79591,6.7476,6.69901,6.65,6.59099,6.54044,6.48412,6.42589,6.36618,6.30946,6.25,6.19106,6.13066,6.07015,6.00443,5.94842,5.87957,5.82,5.7506,5.69382,5.62288,5.56587,5.49957,5.43894,5.38,5.31097,5.25252,5.19051,5.13712,5.06959,5.0194,4.96,4.90194,4.85047,4.79409,4.73983,4.69096,4.64051,4.59,4.54124,4.49905,4.4614,4.41619,4.37743,4.34049,4.3,4.27076,4.23257,4.19919,4.16899,4.14747,4.12024,4.09,4.06979,4.05103,4.02416,4.00584,3.99061,3.97003,3.95,3.93999,3.93102,3.9091,3.90029,3.89027,3.88019,3.88,3.87,3.86,3.86008,3.85,3.85,3.85029,3.84
7.55016,7.53959,7.53854,7.53289,7.52833,7.51944,7.50895,7.49894,7.48882,7.47849,7.4696,7.44937,7.43676,7.41933,7.3985,7.37955,7.36057,7.3341,7.30889,7.27876,7.25811,7.22932,7.19103,7.16196,7.12961,7.08751,7.05479,7.01509,6.97234,6.92576,6.88647,6.83579,6.79414,6.74597,6.69797,6.64834,6.59067,6.53956,6.4832,6.42478,6.36506,6.30772,6.24885,6.18943,6.12844,6.06782,6.00214,5.94546,5.87659,5.81695,5.74791,5.69004,5.61945,5.56156,5.49512,5.43474,5.37567,5.30665,5.24803,5.18553,5.13204,5.06499,5.01367,4.95449,4.89701,4.84472,4.78864,4.73415,4.68524,4.63515,4.58537,4.53696,4.49473,4.45718,4.41312,4.37457,4.33775,4.29648,4.26611,4.22715,4.1937,4.16297,4.1411,4.11398,4.08414,4.06305,4.04448,4.0182,4.00049,3.98489,3.96475,3.94521,3.93534,3.92641,3.90542,3.89649,3.88645,3.87742,3.87614,3.86625,3.8572,3.85736,3.84709,3.84707,3.84762,3.83735
7.55072,7.53955,7.53718,7.53168,7.52674,7.51896,7.50797,7.498,7.48776,7.47712,7.46829,7.44896,7.43625,7.41848,7.39715,7.37946,7.36024,7.33421,7.3082,7.27868,7.25743,7.22882,7.19114,7.16165,7.12805,7.08664,7.0524,7.01158,6.9651,6.92099,6.88274,6.83309,6.7928,6.74461,6.69696,6.64696,6.59052,6.53889,6.48226,6.42368,6.36419,6.30607,6.24779,6.18783,6.12631,6.06575,5.99994,5.9425,5.87366,5.81401,5.74524,5.68624,5.61605,5.55724,5.49061,5.43066,5.37141,5.30243,5.24349,5.18043,5.12687,5.06039,5.0078,4.94904,4.89205,4.83897,4.7833,4.72822,4.67944,4.62981,4.58064,4.53265,4.49041,4.45269,4.40986,4.37153,4.3348,4.29284,4.26133,4.22147,4.18808,4.15682,4.13473,4.10762,4.07817,4.05619,4.03777,4.01211,3.99514,3.97905,3.95932,3.94036,3.93061,3.92168,3.90168,3.89262,3.88256,3.87454,3.87218,3.86241,3.85433,3.85456,3.84411,3.84404,3.84485,3.83462
7.55168,7.5396,7.53599,7.53063,7.52534,7.51865,7.50717,7.49726,7.48693,7.47599,7.46725,7.44879,7.43604,7.41789,7.3961,7.37966,7.36019,7.3346,7.3078,7.27896,7.25699,7.22869,7.19161,7.16182,7.12688,7.08623,7.05052,7.00858,6.95875,6.91704,6.87954,6.83093,6.79211,6.74354,6.69641,6.64603,6.59091,6.5384,6.48149,6.42278,6.3637,6.30467,6.24694,6.18655,6.12436,6.06401,5.99796,5.93965,5.8709,5.81126,5.74271,5.6825,5.61275,5.553,5.48612,5.42665,5.36725,5.29834,5.23893,5.17527,5.12162,5.05585,5.00181,4.94362,4.88702,4.8332,4.77798,4.72205,4.67357,4.62421,4.5757,4.52809,4.48587,4.44778,4.40624,4.36811,4.33142,4.28887,4.2562,4.21549,4.18222,4.15045,4.12829,4.1011,4.07203,4.04919,4.03086,4.00583,3.98971,3.97307,3.95371,3.93537,3.92574,3.91677,3.89778,3.88859,3.87852,3.87147,3.86806,3.8584,3.85129,3.85158,3.84097,3.84085,3.84194,3.83171
7.55303,7.53985,7.53507,7.52993,7.52424,7.5186,7.50668,7.49685,7.48643,7.47522,7.46657,7.44897,7.43626,7.4177,7.39551,7.3803,7.36054,7.33544,7.30787,7.2798,7.25705,7.22913,7.19264,7.16265,7.12636,7.08655,7.04935,7.00646,6.95377,6.91428,6.87726,6.82962,6.79216,6.74289,6.69665,6.64572,6.59196,6.53814,6.48117,6.42225,6.36372,6.30364,6.24643,6.18579,6.12262,6.06266,5.99628,5.93703,5.86842,5.80878,5.74039,5.67894,5.60962,5.5489,5.48179,5.42272,5.36319,5.2944,5.23436,5.17008,5.11629,5.05144,4.99587,4.93819,4.88187,4.82737,4.7726,4.71571,4.66758,4.61822,4.57045,4.52304,4.48091,4.44229,4.40208,4.36411,4.32739,4.28438,4.25047,4.20917,4.17601,4.14382,4.12169,4.09436,4.06565,4.04202,4.0237,3.99931,3.98412,3.9669,3.9479,3.93019,3.92065,3.91161,3.89366,3.88433,3.87423,3.86817,3.8637,3.85416,3.84801,3.84834,3.8376,3.83745,3.8388,3.82854
7.55477,7.54037,7.53452,7.52973,7.52352,7.5189,7.50661,7.49686,7.48636,7.47494,7.46635,7.44962,7.43702,7.41805,7.39552,7.38151,7.36145,7.33687,7.30857,7.28136,7.25789,7.23033,7.19443,7.16431,7.12674,7.08784,7.04918,7.00555,6.95062,6.9131,6.87624,6.82946,6.79313,6.74324,6.69774,6.6462,6.5937,6.53865,6.48153,6.4223,6.36435,6.30314,6.24639,6.18562,6.12126,6.06174,5.99503,5.93476,5.86631,5.80666,5.7384,5.67564,5.60673,5.54502,5.47769,5.41893,5.35928,5.29061,5.22983,5.16489,5.11089,5.04715,4.98996,4.93273,4.87658,4.82145,4.76704,4.70925,4.66126,4.61189,4.56477,4.51748,4.4752,4.43607,4.39721,4.35932,4.32251,4.27917,4.24401,4.20242,4.16935,4.13684,4.11487,4.08732,4.05897,4.03464,4.01624,3.99252,3.97829,3.9605,3.94189,3.92474,3.91528,3.90612,3.88925,3.87977,3.86963,3.86456,3.85906,3.84961,3.8444,3.84476,3.83392,3.83374,3.8353,3.82501
7.55691,7.54125,7.53442,7.53015,7.52329,7.51963,7.50708,7.4974,7.48684,7.47528,7.46669,7.45086,7.43843,7.41908,7.3963,7.38343,7.36306,7.33904,7.31009,7.28382,7.25968,7.23247,7.1972,7.16699,7.12827,7.09034,7.05037,7.0062,6.94978,6.91389,6.87682,6.83077,6.79522,6.74491,6.69985,6.64763,6.59624,6.54017,6.48276,6.42312,6.36573,6.30333,6.24695,6.1861,6.12059,6.06134,5.9943,5.93295,5.86466,5.80497,5.73679,5.67271,5.60416,5.54142,5.4739,5.41532,5.35554,5.28697,5.22534,5.15975,5.10545,5.04268,4.98406,4.9272,4.87111,4.81539,4.7612,4.70266,4.65451,4.60518,4.55856,4.51132,4.46862,4.42898,4.39147,4.35353,4.31657,4.27302,4.23672,4.1952,4.16215,4.12947,4.10774,4.07992,4.05192,4.027,4.00843,3.98541,3.97214,3.95381,3.93561,3.91895,3.90955,3.90025,3.88445,3.87483,3.86467,3.86054,3.85407,3.84469,3.84038,3.84076,3.82986,3.82967,3.83136,3.82106
7.55945,7.54256,7.53485,7.53119,7.52366,7.52088,7.50819,7.49858,7.48799,7.47637,7.46771,7.4528,7.44061,7.42091,7.398,7.38618,7.36555,7.34212,7.31261,7.28733,7.2626,7.23576,7.20115,7.17087,7.13118,7.09428,7.05323,7.00875,6.95172,6.91702,6.87935,6.83385,6.79859,6.74805,6.70316,6.65018,6.59972,6.5428,6.48509,6.4249,6.36796,6.30434,6.24823,6.18732,6.12081,6.06154,5.99419,5.93174,5.86357,5.8038,5.73562,5.67026,5.60197,5.53818,5.47049,5.41194,5.35199,5.28347,5.22093,5.15469,5.09997,5.03797,4.97814,4.92157,4.86543,4.80914,4.75497,4.69596,4.64731,4.59804,4.55173,4.50446,4.46113,4.4212,4.38466,4.3465,4.30934,4.26575,4.2285,4.18738,4.1543,4.12163,4.10023,4.0721,4.04442,4.01904,4.00024,3.97793,3.96559,3.94677,3.92897,3.91275,3.90338,3.89394,3.8792,3.86945,3.85928,3.85602,3.84866,3.83932,3.83587,3.83626,3.82533,3.82515,3.82689,3.81657
7.56238,7.54437,7.53592,7.53287,7.52471,7.52273,7.51007,7.50049,7.48992,7.47833,7.46952,7.45556,7.44368,7.4237,7.40077,7.38992,7.3691,7.34625,7.3163,7.29202,7.26681,7.24039,7.20648,7.17614,7.13574,7.09989,7.05804,7.01353,6.95691,6.9229,6.88418,6.83899,6.80352,6.75281,6.70784,6.65403,6.60428,6.54663,6.48863,6.42781,6.37116,6.30633,6.25036,6.18934,6.12201,6.06243,5.99482,5.93124,5.86313,5.80323,5.73498,5.66845,5.60025,5.53538,5.46756,5.40884,5.34866,5.28014,5.21663,5.14974,5.09452,5.03304,4.97216,4.91581,4.85949,4.80266,4.74827,4.68908,4.63961,4.59038,4.54416,4.49677,4.45267,4.41263,4.37658,4.33802,4.30063,4.25715,4.21924,4.17882,4.14574,4.11327,4.09227,4.06377,4.03642,4.01072,3.99169,3.97003,3.95855,3.93927,3.92191,3.90609,3.89671,3.88712,3.87342,3.86354,3.85338,3.85092,3.84277,3.83342,3.83079,3.83116,3.82026,3.82009,3.82178,3.81148
7.5657,7.54677,7.53769,7.53529,7.52657,7.52528,7.51283,7.50325,7.49274,7.48128,7.4723,7.45925,7.44776,7.42756,7.40477,7.39477,7.37387,7.35159,7.32135,7.29803,7.27248,7.24655,7.21338,7.18297,7.14218,7.10734,7.06508,7.02089,6.96583,6.9319,6.89167,6.84658,6.81033,6.75937,6.71408,6.65934,6.61006,6.55179,6.49346,6.4319,6.37546,6.30945,6.25347,6.19225,6.12426,6.06411,5.99628,5.93157,5.86345,5.80334,5.73491,5.66739,5.59905,5.53309,5.46514,5.40608,5.34558,5.27699,5.21245,5.14495,5.08925,5.02792,4.96611,4.90988,4.85327,4.79592,4.74115,4.68188,4.63141,4.58215,4.53574,4.48816,4.4432,4.40304,4.36705,4.3279,4.29022,4.24702,4.20881,4.16936,4.13648,4.10433,4.08376,4.05487,4.02784,4.00198,3.98275,3.96167,3.95097,3.93126,3.91435,3.89889,3.88946,3.87972,3.86703,3.85703,3.8469,3.84515,3.83634,3.82692,3.82506,3.82539,3.81457,3.81443,3.81596,3.80568
7.56943,7.54982,7.54027,7.53854,7.52934,7.5286,7.51658,7.50695,7.49657,7.48534,7.47616,7.464,7.45297,7.43263,7.41015,7.40087,7.38002,7.35827,7.32794,7.30555,7.27977,7.25441,7.22205,7.19154,7.15074,7.11689,7.07465,7.03115,6.97894,6.94441,6.9022,6.8569,6.81939,6.76791,6.72207,6.66628,6.6172,6.55838,6.49962,6.43723,6.38098,6.31385,6.2577,6.19617,6.12762,6.06671,5.99869,5.93285,5.86461,5.80423,5.73546,5.66712,5.59845,5.53139,5.4633,5.40372,5.34277,5.27405,5.20843,5.14036,5.08417,5.02266,4.95998,4.90376,4.84672,4.78889,4.73366,4.67422,4.62264,4.57329,4.52638,4.4785,4.43262,4.39217,4.35582,4.31593,4.27791,4.23515,4.19705,4.15886,4.12641,4.09473,4.07465,4.04532,4.01861,3.99278,3.97336,3.95278,3.94274,3.92268,3.9062,3.89108,3.88156,3.87169,3.85996,3.84985,3.83976,3.83863,3.82931,3.81976,3.81859,3.81886,3.80819,3.80808,3.80933,3.7991
7.57355,7.5536,7.54373,7.54272,7.5331,7.5328,7.52145,7.5117,7.50153,7.49062,7.48123,7.46992,7.45942,7.43906,7.41707,7.40835,7.38766,7.36646,7.33626,7.31476,7.28882,7.26418,7.23267,7.20204,7.16173,7.12878,7.08704,7.04464,6.99671,6.96081,6.91615,6.87012,6.83103,6.77863,6.73198,6.67501,6.62585,6.56655,6.50712,6.44399,6.38775,6.31968,6.26315,6.20119,6.13213,6.0704,6.0021,5.93521,5.86672,5.80598,5.73668,5.66768,5.59852,5.53038,5.46207,5.40183,5.34026,5.27135,5.2046,5.13599,5.07922,5.01736,4.95374,4.89743,4.83982,4.78145,4.7257,4.66593,4.61327,4.56371,4.51596,4.46771,4.42085,4.3797,4.34261,4.30183,4.26347,4.22137,4.18385,4.14711,4.11543,4.08446,4.06484,4.03506,4.00864,3.98304,3.96344,3.94333,3.93381,3.91348,3.89735,3.88259,3.87293,3.86297,3.8521,3.84194,3.83188,3.83125,3.82161,3.81185,3.8113,3.81148,3.80104,3.80097,3.80179,3.79164
7.57806,7.55818,7.54818,7.54791,7.53794,7.53794,7.52754,7.51762,7.50772,7.49724,7.48766,7.47712,7.46723,7.44695,7.42567,7.41734,7.3969,7.37629,7.34655,7.32583,7.29981,7.27605,7.24538,7.21461,7.17544,7.14329,7.10253,7.06169,7.01963,6.98148,6.93379,6.88632,6.84553,6.79172,6.74399,6.68572,6.63613,6.57643,6.51607,6.45243,6.39575,6.32708,6.26994,6.2074,6.13791,6.07543,6.00658,5.9388,5.86987,5.80868,5.73865,5.66902,5.59933,5.53019,5.46144,5.40046,5.33809,5.26894,5.20097,5.13187,5.07428,5.012,4.9474,4.89086,4.83253,4.77337,4.71714,4.65693,4.60326,4.55337,4.50439,4.45568,4.40778,4.36545,4.32708,4.28528,4.2467,4.20549,4.16905,4.13401,4.10335,4.0735,4.05426,4.02399,3.99786,3.97271,3.95289,3.93326,3.92409,3.9036,3.88775,3.87337,3.86352,3.85353,3.84332,3.83326,3.8232,3.82295,3.81317,3.80312,3.80312,3.80317,3.79304,3.79302,3.79326,3.78322
7.58297,7.56362,7.55368,7.55421,7.54395,7.54412,7.53494,7.5248,7.51524,7.50533,7.49551,7.48572,7.47653,7.45644,7.4361,7.42796,7.40785,7.38781,7.35877,7.33894,7.31288,7.29018,7.26039,7.22952,7.19177,7.16066,7.12139,7.0826,7.04813,7.0067,6.95512,6.90568,6.86309,6.80733,6.75823,6.69856,6.64817,6.58815,6.52658,6.4627,6.40551,6.3362,6.2782,6.21494,6.14503,6.08193,6.01239,5.94361,5.87417,5.8124,5.7414,5.67121,5.60088,5.53084,5.4615,5.39963,5.33626,5.26685,5.19752,5.12789,5.06931,5.00662,4.94092,4.88405,4.8248,4.76495,4.70789,4.64718,4.59256,4.54221,4.49151,4.44237,4.39333,4.3493,4.30904,4.26636,4.22744,4.18741,4.15253,4.11947,4.09008,4.06168,4.04289,4.01206,3.98622,3.96175,3.94165,3.92245,3.91356,3.89302,3.87733,3.86335,3.85324,3.84321,3.83361,3.82375,3.81365,3.81365,3.80392,3.79352,3.79396,3.79386,3.78412,3.78417,3.78367,3.77373
7.58828,7.56991,7.56021,7.56162,7.55113,7.55132,7.5436,7.53322,7.52407,7.51484,7.50464,7.4957,7.48723,7.46751,7.44832,7.44021,7.42046,7.40104,7.37295,7.35408,7.328,7.30649,7.27772,7.24675,7.2107,7.18083,7.14343,7.10713,7.08169,7.03577,6.97987,6.92794,6.88347,6.8253,6.77461,6.71363,6.662,6.60177,6.53871,6.47484,6.41709,6.34719,6.28805,6.22393,6.15355,6.08992,6.01964,5.94965,5.87974,5.81721,5.74495,5.67427,5.60333,5.53236,5.46237,5.39928,5.33479,5.26513,5.19427,5.12414,5.06432,5.00127,4.93433,4.87705,4.81665,4.75614,4.69794,4.63673,4.58114,4.53019,4.47727,4.42795,4.37761,4.33151,4.28876,4.24542,4.20605,4.16748,4.13439,4.10366,4.07559,4.04909,4.03068,3.99921,3.97369,3.95011,3.92967,3.9109,3.90216,3.88177,3.86614,3.85252,3.84213,3.83193,3.82301,3.81347,3.80325,3.80338,3.79391,3.78314,3.7839,3.78361,3.77436,3.77449,3.77308,3.76319
7.59399,7.57697,7.56768,7.57001,7.55936,7.55945,7.55339,7.54277,7.53409,7.52564,7.51494,7.50695,7.4992,7.48002,7.46217,7.45395,7.43462,7.41592,7.38904,7.37109,7.34501,7.3248,7.29715,7.26603,7.23213,7.20342,7.16814,7.13458,7.11887,7.06767,7.00765,6.95267,6.9063,6.84544,6.79303,6.73087,6.67764,6.61731,6.55251,6.48885,6.43017,6.36003,6.2995,6.23441,6.1635,6.09936,6.0282,5.95697,5.88657,5.82313,5.74937,5.67826,5.60675,5.53481,5.4641,5.39948,5.33373,5.26384,5.19135,5.12079,5.05941,4.99601,4.92771,4.86994,4.80821,4.74677,4.68742,4.6257,4.56912,4.51747,4.46196,4.41269,4.36095,4.31253,4.2669,4.22286,4.1832,4.14625,4.115,4.0868,4.05999,4.03575,4.01753,3.98545,3.96025,3.93774,3.91692,3.89865,3.88984,3.86986,3.85422,3.84095,3.83026,3.81983,3.81161,3.80252,3.79212,3.79229,3.78324,3.77211,3.77309,3.77259,3.76391,3.76413,3.76171,3.75184
7.60009,7.58471,7.576,7.57927,7.56855,7.56841,7.5642,7.55333,7.54519,7.53761,7.5263,7.51935,7.51235,7.49385,7.47751,7.46907,7.45026,7.43233,7.40687,7.3898,7.36377,7.34493,7.31851,7.28718,7.25568,7.22801,7.19501,7.16425,7.15822,7.10143,7.03762,6.97966,6.9312,6.86757,6.8134,6.75023,6.69513,6.63478,6.56809,6.50465,6.44477,6.37471,6.3126,6.24643,6.1749,6.11011,6.03795,5.96561,5.89468,5.83016,5.75472,5.68331,5.61107,5.53814,5.46674,5.40027,5.33317,5.26299,5.18881,5.11781,5.05482,4.99088,4.92113,4.86279,4.79957,4.73729,4.67654,4.61423,4.55665,4.50419,4.4459,4.39683,4.34366,4.29284,4.24417,4.1993,4.15955,4.1242,4.09474,4.0691,4.04348,4.02144,4.00336,3.97075,3.9459,3.92458,3.90345,3.88568,3.87672,3.85728,3.8416,3.82867,3.81769,3.80706,3.79951,3.79095,3.78039,3.78051,3.77204,3.76056,3.76166,3.76098,3.75295,3.75324,3.74974,3.73992
7.60659,7.59308,7.58506,7.58927,7.57858,7.57813,7.57588,7.56478,7.55725,7.55059,7.53863,7.5328,7.52657,7.50886,7.49417,7.48545,7.46726,7.45014,7.42625,7.41004,7.38417,7.3667,7.34156,7.30998,7.28101,7.25419,7.22349,7.19542,7.19828,7.13604,7.06902,7.00847,6.9577,6.89151,6.83562,6.77166,6.7145,6.65419,6.58563,6.52224,6.461,6.39123,6.32737,6.26001,6.18788,6.12214,6.04894,5.9756,5.90408,5.83831,5.76109,5.68944,5.61629,5.54235,5.47033,5.40168,5.33317,5.26262,5.1867,5.11522,5.05064,4.98584,4.91468,4.85566,4.79085,4.72779,4.66547,4.60257,4.54384,4.4905,4.42937,4.38061,4.32604,4.27303,4.22125,4.17545,4.13575,4.10189,4.074,4.05081,4.02617,4.0061,3.9881,3.9551,3.93062,3.91061,3.88923,3.87196,3.86282,3.844,3.82836,3.81575,3.80451,3.79371,3.78681,3.77886,3.76816,3.76819,3.76044,3.74865,3.74979,3.74894,3.74162,3.742,3.73737,3.72768
7.61348,7.60198,7.59479,7.59989,7.5893,7.58853,7.58831,7.577,7.57016,7.56446,7.55188,7.54719,7.54176,7.52494,7.512,7.50295,7.48551,7.46922,7.44703,7.43166,7.40607,7.38994,7.36609,7.33423,7.30779,7.28162,7.25306,7.2274,7.23755,7.17048,7.10114,7.03858,6.98541,6.9171,6.85961,6.7951,6.73578,6.67557,6.60527,6.54179,6.47895,6.40958,6.34384,6.27519,6.20249,6.1355,6.06121,5.98696,5.91475,5.84758,5.76854,5.69668,5.62244,5.54745,5.47487,5.40375,5.3338,5.26278,5.18511,5.1131,5.04691,4.9809,4.90844,4.84864,4.78214,4.71831,4.65453,4.5909,4.53084,4.47657,4.4127,4.36429,4.30838,4.25362,4.19894,4.15205,4.11247,4.07985,4.05317,4.03217,4.00817,3.98972,3.9717,3.93848,3.9144,3.89577,3.87423,3.85748,3.84814,3.83003,3.81454,3.80223,3.79077,3.7799,3.77362,3.76628,3.75555,3.75545,3.74854,3.73651,3.73762,3.73663,3.7301,3.73055,3.7248,3.71538
7.62078,7.61136,7.60508,7.61101,7.60056,7.59954,7.60135,7.58988,7.5838,7.57907,7.56608,7.56242,7.5578,7.54193,7.53083,7.52147,7.50487,7.48944,7.46904,7.45448,7.42933,7.41446,7.39185,7.35974,7.33568,7.30992,7.28319,7.25946,7.27457,7.20374,7.13324,7.06941,7.0139,6.94422,6.88525,6.82049,6.75899,6.69897,6.6271,6.56337,6.49873,6.42975,6.36204,6.29202,6.21878,6.15033,6.07481,5.9997,5.92668,5.858,5.77714,5.70504,5.62956,5.55346,5.48034,5.40655,5.33515,5.26352,5.18407,5.11148,5.04353,4.97608,4.90248,4.8418,4.77356,4.7089,4.64384,4.5794,4.51775,4.46255,4.39618,4.34813,4.29095,4.2351,4.17785,4.12982,4.09036,4.05863,4.03263,4.0134,3.98953,3.97227,3.95408,3.92087,3.89723,3.88001,3.85841,3.84224,3.83271,3.81533,3.80018,3.78816,3.77657,3.76573,3.76004,3.7532,3.74269,3.74245,3.73647,3.72429,3.72532,3.72422,3.71855,3.71906,3.71222,3.70326
7.62847,7.62112,7.61584,7.62231,7.61227,7.61106,7.61487,7.60329,7.59806,7.59429,7.58111,7.57837,7.57457,7.55972,7.55052,7.54086,7.5252,7.51067,7.49211,7.47835,7.4538,7.44009,7.41863,7.38629,7.36436,7.33873,7.31336,7.2909,7.30785,7.23482,7.16461,7.10038,7.04303,6.97275,6.91247,6.84778,6.78418,6.72444,6.65118,6.58695,6.52041,6.45173,6.38199,6.31054,6.23681,6.16665,6.08977,6.01385,5.93988,5.86958,5.78694,5.71446,5.63766,5.56039,5.48666,5.41012,5.33728,5.26489,5.18367,5.11043,5.04058,4.9714,4.89691,4.83522,4.76519,4.69963,4.63345,4.5682,4.5047,4.44861,4.38012,4.33236,4.274,4.21767,4.15849,4.10947,4.07009,4.03877,4.01274,3.99473,3.97031,3.95374,3.93519,3.90225,3.87908,3.86328,3.84168,3.8262,3.81654,3.79984,3.78532,3.7736,3.76196,3.75129,3.74616,3.73973,3.72968,3.72933,3.72434,3.71213,3.71302,3.7119,3.70712,3.70771,3.69983,3.69158
7.63656,7.63119,7.62698,7.63362,7.62432,7.62304,7.62875,7.61712,7.61281,7.60999,7.59683,7.59494,7.59197,7.57816,7.57091,7.561,7.54637,7.53278,7.51608,7.50312,7.47935,7.46663,7.44616,7.41369,7.39348,7.36768,7.34313,7.32098,7.33593,7.26269,7.19452,7.13089,7.07262,7.00255,6.94116,6.87691,6.81135,6.75205,6.67749,6.61252,6.54404,6.47553,6.4037,6.33083,6.25652,6.18448,6.10616,6.02942,5.95431,5.88232,5.79802,5.72493,5.64677,5.56825,5.49383,5.41451,5.34026,5.26696,5.18395,5.11,5.03812,4.96704,4.89183,4.82897,4.75715,4.69059,4.62341,4.55732,4.49179,4.43488,4.36484,4.31726,4.25776,4.20157,4.14138,4.09168,4.05231,4.02083,3.99388,3.97616,3.95059,3.93411,3.91497,3.88259,3.85993,3.84554,3.82401,3.80937,3.79965,3.7836,3.76999,3.7586,3.74702,3.73668,3.7321,3.72603,3.71664,3.71622,3.71227,3.70017,3.7009,3.69981,3.69599,3.69664,3.68783,3.68059
7.64504,7.6415,7.63841,7.64492,7.63662,7.63537,7.64284,7.63124,7.62795,7.62605,7.61313,7.61203,7.60988,7.59713,7.59185,7.58177,7.56825,7.55565,7.54078,7.52862,7.50581,7.49391,7.47418,7.44174,7.42273,7.3964,7.37199,7.34899,7.35731,7.28635,7.22224,7.16035,7.1023,7.03344,6.97128,6.90782,6.84061,6.78151,6.70597,6.64007,6.5697,6.50112,6.42721,6.35294,6.27785,6.20384,6.124,6.04643,5.96993,5.89625,5.81042,5.73646,5.65694,5.57705,5.50186,5.41981,5.34418,5.2698,5.18498,5.11024,5.03625,4.96317,4.88734,4.82314,4.74954,4.68188,4.61374,4.54679,4.4794,4.42149,4.35063,4.30301,4.24289,4.18726,4.12702,4.07715,4.03769,4.00534,3.9764,3.95775,3.93044,3.91334,3.89335,3.86185,3.83977,3.82672,3.80538,3.79171,3.78205,3.76662,3.75423,3.74321,3.73182,3.72202,3.71794,3.71224,3.7037,3.70326,3.70038,3.68855,3.6891,3.68815,3.68531,3.68604,3.67641,3.67054
7.65393,7.65198,7.65007,7.6563,7.64905,7.64799,7.65702,7.64554,7.64335,7.6423,7.62983,7.62953,7.62819,7.61648,7.61317,7.60302,7.59071,7.57913,7.56603,7.55469,7.53293,7.52175,7.50246,7.47024,7.45178,7.42451,7.3994,7.37419,7.37052,7.30479,7.24702,7.18816,7.13162,7.06509,7.00286,6.94047,6.87206,6.81261,6.73654,6.66959,6.59743,6.52851,6.45253,6.37688,6.30079,6.22473,6.14332,6.06488,5.98676,5.91138,5.82417,5.74903,5.6682,5.58682,5.51077,5.42619,5.34909,5.27346,5.1868,5.1112,5.03507,4.95992,4.88348,4.81779,4.74246,4.67358,4.60453,4.53658,4.46787,4.40847,4.33781,4.28978,4.22996,4.17523,4.11593,4.06657,4.02687,3.99284,3.9607,3.93974,3.90989,3.89141,3.87028,3.84002,3.81859,3.80674,3.78575,3.77322,3.76374,3.74895,3.7379,3.72748,3.71644,3.70736,3.7038,3.69855,3.69095,3.69061,3.68878,3.67743,3.67778,3.67707,3.67526,3.67608,3.66578,3.66167
7.66321,7.66253,7.66177,7.66779,7.6615,7.66081,7.67114,7.6599,7.65894,7.65858,7.64679,7.64732,7.64678,7.63608,7.63473,7.62461,7.61363,7.6031,7.59168,7.58118,7.56052,7.54996,7.53078,7.49901,7.48031,7.45166,7.42466,7.39584,7.37409,7.31691,7.2681,7.21375,7.16014,7.09706,7.0358,6.97479,6.90571,6.84558,6.76911,6.70109,6.6273,6.55769,6.4797,6.40247,6.32524,6.24718,6.16415,6.08476,6.0048,5.92773,5.83929,5.76262,5.68059,5.59755,5.52061,5.43372,5.35508,5.27799,5.18947,5.11292,5.03466,4.95746,4.88015,4.813,4.73601,4.66579,4.59586,4.52666,4.45709,4.39612,4.32667,4.2778,4.21896,4.16596,4.10869,4.06065,4.02053,3.98389,3.94728,3.92251,3.88899,3.86827,3.84572,3.81707,3.79634,3.78554,3.76513,3.75388,3.74473,3.73069,3.72103,3.71145,3.70095,3.69276,3.68978,3.68511,3.67852,3.67834,3.67759,3.66694,3.66708,3.66674,3.66599,3.6668,3.65612,3.65424
7.67287,7.67311,7.67341,7.6793,7.67386,7.67374,7.68504,7.6742,7.67461,7.67473,7.66392,7.6653,7.66552,7.6558,7.65636,7.64643,7.63688,7.62742,7.61756,7.60794,7.58842,7.57836,7.55896,7.52786,7.508,7.47747,7.44722,7.41353,7.36651,7.3215,7.28475,7.23659,7.18752,7.12897,7.06956,7.01073,6.94124,6.88058,6.8037,6.73459,6.65937,6.58863,6.50873,6.42972,6.35118,6.2712,6.18653,6.10608,6.02417,5.94529,5.85572,5.77723,5.69414,5.60928,5.53139,5.44231,5.36222,5.28341,5.19304,5.11547,5.0351,4.95589,4.87763,4.80884,4.73028,4.65858,4.58783,4.51713,4.44705,4.38493,4.31749,4.26767,4.20998,4.15989,4.10588,4.06008,4.01928,3.97901,3.93676,3.90631,3.86782,3.84389,3.81959,3.79297,3.77303,3.76308,3.74349,3.73369,3.72504,3.71187,3.70378,3.6952,3.68544,3.6783,3.67597,3.67203,3.66652,3.66662,3.66692,3.65724,3.65718,3.65734,3.65766,3.65828,3.64763,3.64847
7.68266,7.68367,7.68502,7.69081,7.68606,7.68672,7.69865,7.68849,7.69026,7.69066,7.68118,7.68341,7.68434,7.67555,7.67797,7.66842,7.66039,7.65199,7.64371,7.63499,7.61673,7.60692,7.5871,7.5569,7.53501,7.50213,7.46736,7.42762,7.34793,7.31872,7.2977,7.25732,7.21405,7.16131,7.10432,7.0482,6.97857,6.91759,6.84024,6.76997,6.69342,6.62116,6.53951,6.45852,6.37841,6.29656,6.21038,6.12879,6.04478,5.9639,5.87328,5.79272,5.70882,5.62186,5.5429,5.4518,5.37034,5.28947,5.19737,5.11877,5.03625,4.955,4.8758,4.80508,4.72502,4.65195,4.58041,4.50799,4.43769,4.37466,4.30927,4.25928,4.20255,4.15659,4.10693,4.06433,4.02237,3.97755,3.92868,3.89091,3.84619,3.81824,3.79177,3.76768,3.74861,3.73937,3.72092,3.71276,3.70471,3.69242,3.6862,3.67874,3.66994,3.66386,3.6624,3.65924,3.655,3.6555,3.65678,3.64842,3.64809,3.64891,3.65033,3.65066,3.64036,3.64388
7.69246,7.69422,7.69664,7.7023,7.69813,7.69973,7.71199,7.70281,7.70587,7.70641,7.69859,7.70163,7.70322,7.69536,7.6996,7.69059,7.68424,7.67687,7.67029,7.66254,7.64573,7.63598,7.61558,7.5867,7.56227,7.52683,7.48682,7.4404,7.32339,7.313,7.30944,7.27786,7.24104,7.19492,7.14058,7.08725,7.01787,6.95637,6.87844,6.80687,6.729,6.65487,6.57155,6.4884,6.40648,6.32278,6.23524,6.15241,6.0662,5.98308,5.89173,5.80868,5.72419,5.63487,5.55469,5.46176,5.37895,5.29585,5.20203,5.12237,5.03763,4.95427,4.87416,4.80118,4.71981,4.64528,4.57298,4.49864,4.42825,4.3643,4.30066,4.25077,4.19513,4.15404,4.10935,4.07054,4.02697,3.97709,3.92096,3.87507,3.82347,3.79112,3.76223,3.74109,3.72302,3.71446,3.69745,3.69116,3.68375,3.67235,3.66826,3.66209,3.65442,3.64941,3.64903,3.64663,3.64387,3.64489,3.64706,3.64029,3.6397,3.64128,3.64382,3.64383,3.63412,3.64007
7.70228,7.70466,7.70828,7.71374,7.71009,7.71276,7.72512,7.71717,7.72137,7.72204,7.71617,7.71996,7.7222,7.71529,7.72129,7.71293,7.7085,7.70221,7.69743,7.69078,7.67566,7.6659,7.64501,7.61778,7.59075,7.55292,7.50749,7.45435,7.29869,7.31139,7.32211,7.3001,7.26985,7.23053,7.17875,7.12799,7.05907,6.9963,6.91801,6.84492,6.76565,6.6893,6.60435,6.51895,6.4351,6.34936,6.26056,6.17639,6.08788,6.00235,5.9104,5.82472,5.73967,5.64784,5.5663,5.47169,5.38755,5.30208,5.20675,5.12577,5.03876,4.95323,4.87217,4.79665,4.7142,4.63761,4.56481,4.48835,4.41781,4.35287,4.2905,4.24089,4.18631,4.14997,4.11043,4.07563,4.0301,3.97504,3.9113,3.85736,3.79902,3.76228,3.73102,3.71311,3.69623,3.68831,3.67303,3.66887,3.66219,3.65172,3.64999,3.64522,3.63876,3.63533,3.63577,3.63412,3.63303,3.63466,3.63766,3.63266,3.63186,3.6343,3.63793,3.6376,3.62869,3.6368
7.71209,7.71504,7.71991,7.72484,7.72199,7.72579,7.73808,7.73157,7.7368,7.73769,7.73406,7.7384,7.74128,7.73539,7.74311,7.73554,7.73324,7.72816,7.72525,7.7199,7.70677,7.69707,7.67598,7.65071,7.6215,7.58175,7.53124,7.472,7.27962,7.3167,7.33877,7.32566,7.30182,7.2689,7.21924,7.17051,7.10196,7.03716,6.95875,6.88372,6.8029,6.72401,6.6374,6.54969,6.46379,6.37583,6.28578,6.20018,6.1093,6.02123,5.92872,5.84038,5.75455,5.6603,5.57728,5.48111,5.39563,5.30767,5.21104,5.12848,5.03916,4.95136,4.86929,4.79095,4.70754,4.62833,4.55493,4.47636,4.40551,4.33933,4.2776,4.22818,4.17459,4.14195,4.10749,4.07649,4.02876,3.96881,3.89787,3.83636,3.77237,3.73145,3.69818,3.68364,3.66818,3.66095,3.64761,3.6459,3.64002,3.63058,3.63138,3.62811,3.62296,3.62168,3.62257,3.62171,3.62236,3.62471,3.62848,3.6254,3.62442,3.62776,3.63247,3.6318,3.62385,3.63381
7.7219,7.72542,7.73143,7.7355,7.73385,7.73882,7.7509,7.74603,7.75218,7.75352,7.75231,7.75694,7.76048,7.75571,7.7651,7.75856,7.75853,7.7549,7.75387,7.7501,7.73931,7.72986,7.70906,7.68612,7.6555,7.61473,7.55997,7.49587,7.27196,7.33121,7.36314,7.35633,7.33817,7.31079,7.26244,7.21491,7.14636,7.07897,7.00038,6.92292,6.84031,6.75854,6.67018,6.58007,6.49197,6.40169,6.31022,6.22325,6.12995,6.03923,5.94622,5.85512,5.76823,5.67182,5.58716,5.48954,5.40269,5.31214,5.21422,5.13002,5.03841,4.94819,4.865,4.78359,4.6992,4.6171,4.54252,4.46183,4.39045,4.32266,4.26079,4.21113,4.1584,4.12766,4.09794,4.07004,4.01996,3.95582,3.87887,3.81074,3.74292,3.69833,3.66372,3.65258,3.63881,3.63242,3.62112,3.62224,3.61718,3.60897,3.61243,3.61076,3.60706,3.60836,3.60938,3.60944,3.61177,3.61491,3.61941,3.61832,3.61726,3.6215,3.62725,3.62626,3.61939,3.63086
7.73168,7.73581,7.74287,7.74583,7.74569,7.75183,7.76361,7.76054,7.76752,7.7695,7.7707,7.77557,7.7798,7.77631,7.78732,7.78207,7.78446,7.78267,7.78338,7.78158,7.77353,7.76466,7.7448,7.72477,7.6936,7.65324,7.59558,7.52851,7.28151,7.35854,7.39757,7.39445,7.38018,7.35692,7.30877,7.26128,7.19214,7.12153,7.04252,6.96216,6.87737,6.79244,6.70219,6.60959,6.51914,6.42648,6.33324,6.24503,6.14931,6.05588,5.96238,5.86849,5.78028,5.68195,5.59549,5.49648,5.40823,5.31503,5.2158,5.12989,5.03605,4.94323,4.85878,4.77405,4.68858,4.60335,4.5271,4.44396,4.3717,4.30185,4.2389,4.18828,4.13576,4.10532,4.07911,4.05315,4.00071,3.9335,3.85238,3.77937,3.70957,3.66265,3.62772,3.61984,3.60809,3.60275,3.59365,3.59775,3.59364,3.58697,3.59315,3.59315,3.59102,3.59515,3.59612,3.59735,3.60114,3.60514,3.61036,3.61128,3.6102,3.61535,3.62206,3.62081,3.61509,3.62771
7.74144,7.74623,7.75421,7.75603,7.75754,7.76483,7.77624,7.77511,7.78284,7.78557,7.78899,7.79428,7.79925,7.79723,7.80983,7.80614,7.81111,7.81164,7.8139,7.81458,7.80967,7.80183,7.78376,7.76739,7.73669,7.69867,7.63997,7.57243,7.31406,7.40236,7.44432,7.44239,7.42916,7.40795,7.35862,7.30973,7.23916,7.1646,7.08469,7.00106,6.91357,6.82525,6.7329,6.63775,6.54477,6.44969,6.35423,6.26491,6.16685,6.07069,5.97666,5.88,5.79033,5.69025,5.60183,5.50147,5.41172,5.31585,5.2153,5.12758,5.03161,4.93604,4.85009,4.76181,4.67509,4.5865,4.50822,4.42196,4.34831,4.27588,4.21074,4.15816,4.10469,4.0731,4.04835,4.02264,3.968,3.89924,3.81645,3.74113,3.67129,3.62413,3.5903,3.58532,3.57595,3.57195,3.56528,3.57232,3.56939,3.56474,3.57353,3.57526,3.57484,3.58185,3.58275,3.58545,3.59037,3.59529,3.60122,3.60411,3.60308,3.60915,3.61671,3.61525,3.61073,3.6241
7.75116,7.7567,7.76549,7.76619,7.76952,7.77781,7.78882,7.78975,7.79812,7.80167,7.8072,7.81303,7.81881,7.81854,7.83267,7.83085,7.83856,7.84179,7.84545,7.8493,7.84797,7.84177,7.82649,7.81475,7.78588,7.75205,7.69507,7.63019,7.3754,7.46635,7.50569,7.50199,7.48708,7.46453,7.41241,7.36033,7.28729,7.20797,7.1265,7.03914,6.94836,6.85654,6.76181,6.66406,6.56838,6.4708,6.37285,6.28227,6.18206,6.08318,5.98855,5.8892,5.79794,5.69621,5.60573,5.504,5.41268,5.31415,5.21222,5.1226,5.02445,4.92617,4.8384,4.74635,4.65813,4.56597,4.48517,4.39534,4.31928,4.24373,4.17515,4.11931,4.0632,4.02854,4.00269,3.97531,3.91886,3.85048,3.76914,3.6949,3.6276,3.58256,3.55157,3.54893,3.54236,3.54007,3.53609,3.546,3.54462,3.54242,3.55359,3.55708,3.55849,3.56827,3.56917,3.5734,3.57937,3.58525,3.5919,3.59665,3.59573,3.6027,3.611,3.6094,3.6061,3.61979
7.76083,7.76723,7.77669,7.7764,7.78167,7.79076,7.80139,7.80447,7.81338,7.81782,7.82536,7.83182,7.83849,7.84028,7.85591,7.85628,7.8669,7.8731,7.87822,7.88592,7.88869,7.88484,7.87356,7.86755,7.84226,7.81471,7.76277,7.70432,7.47132,7.55418,7.58423,7.57511,7.5554,7.52736,7.47051,7.41321,7.33641,7.25143,7.16755,7.07594,6.98126,6.88583,6.7884,6.68801,6.58945,6.4893,6.38875,6.29653,6.19443,6.09286,5.99753,5.8956,5.80265,5.69932,5.60678,5.50358,5.41059,5.30943,5.20609,5.11442,5.01397,4.91311,4.82321,4.72717,4.63711,4.54117,4.45724,4.36348,4.2837,4.20438,4.13095,4.07026,4.00945,3.96916,3.93923,3.90802,3.85028,3.78462,3.70851,3.63948,3.57802,3.5378,3.5116,3.51055,3.50726,3.50712,3.50612,3.51882,3.51943,3.52011,3.53333,3.5386,3.54196,3.55426,3.55531,3.561,3.56802,3.57488,3.58228,3.58874,3.588,3.59582,3.60473,3.60307,3.60097,3.61453
7.77044,7.77785,7.78783,7.78676,7.794,7.80361,7.81391,7.81926,7.82862,7.834,7.84352,7.85069,7.85831,7.86252,7.87959,7.8825,7.8962,7.90549,7.9125,7.92441,7.93209,7.93142,7.92551,7.92645,7.9069,7.88819,7.84501,7.79758,7.60761,7.66952,7.6826,7.66365,7.63519,7.5975,7.53318,7.46844,7.38638,7.29477,7.20743,7.11099,7.01211,6.91272,6.81216,6.7091,6.60747,6.50467,6.40146,6.30739,6.20355,6.09925,6.00308,5.89873,5.80402,5.69911,5.60452,5.49963,5.40495,5.30125,5.19641,5.10254,4.99966,4.89606,4.80409,4.70375,4.61143,4.51154,4.42372,4.32565,4.24104,4.15684,4.07697,4.00955,3.94166,3.89247,3.8552,3.81781,3.75939,3.69908,3.63261,3.5736,3.52208,3.48975,3.47008,3.47013,3.4706,3.47314,3.47541,3.49086,3.49386,3.49755,3.51285,3.51979,3.52522,3.5397,3.54108,3.54816,3.55618,3.56408,3.57227,3.58021,3.57971,3.58829,3.59771,3.59627,3.59515,3.60808
7.77998,7.78856,7.79892,7.79737,7.80652,7.81642,7.82646,7.83414,7.84385,7.85023,7.86168,7.86969,7.87836,7.88531,7.90378,7.90959,7.92653,7.93903,7.94864,7.96508,7.97835,7.9819,7.9829,7.99214,7.98082,7.97406,7.94387,7.91244,7.79006,7.81628,7.8035,7.76959,7.72735,7.6757,7.60084,7.52613,7.43708,7.3378,7.24577,7.14383,7.04046,6.93676,6.83259,6.72684,6.62195,6.5164,6.41056,6.31441,6.2088,6.10187,6.00466,5.89812,5.80158,5.69505,5.59837,5.49166,5.39526,5.28911,5.18267,5.08646,4.98101,4.8746,4.78056,4.67558,4.58051,4.47651,4.38395,4.28107,4.19044,4.10007,4.01202,3.93573,3.85803,3.7962,3.74792,3.70176,3.64321,3.59128,3.53947,3.49603,3.45915,3.43833,3.42705,3.42756,3.43233,3.43815,3.44398,3.46214,3.46792,3.4747,3.49216,3.50065,3.50826,3.52447,3.5264,3.53481,3.54379,3.55274,3.56177,3.5709,3.57073,3.57994,3.58975,3.58882,3.5884,3.6002
7.78945,7.79936,7.80997,7.80828,7.81926,7.82925,7.83924,7.84912,7.85903,7.8665,7.87984,7.88885,7.89873,7.90869,7.92853,7.93762,7.95795,7.97376,7.98686,8.0084,8.02768,8.03664,8.04626,8.06529,8.06499,8.07369,8.06144,8.05106,8.02447,7.99888,7.9496,7.89496,7.83321,7.76269,7.6742,7.58637,7.48841,7.3803,7.28221,7.17402,7.06575,6.95747,6.84916,6.74074,6.63238,6.524,6.41556,6.31711,6.2094,6.10024,6.00175,5.89328,5.79483,5.68666,5.58765,5.47943,5.38099,5.27255,5.16437,5.06567,4.9575,4.84849,4.75185,4.64214,4.54378,4.43549,4.33726,4.22904,4.13094,4.03292,3.93494,3.8474,3.75678,3.67809,3.61468,3.55705,3.49863,3.45863,3.42702,3.40549,3.38856,3.38335,3.38265,3.38271,3.3924,3.40216,3.41184,3.43266,3.44165,3.45154,3.47107,3.48116,3.49102,3.50843,3.5112,3.52086,3.5308,3.54071,3.55067,3.56066,3.56088,3.57059,3.58065,3.58052,3.58051,3.59062
7.7988,7.81016,7.82087,7.81939,7.8322,7.84212,7.85217,7.86407,7.87409,7.88284,7.89788,7.90804,7.91933,7.93254,7.95389,7.96656,7.99039,8.00971,8.02706,8.05432,8.08033,8.09583,8.11578,8.14621,8.15988,8.18774,8.1987,8.21505,8.31292,8.21796,8.12176,8.04063,7.95344,7.85874,7.75323,7.649,7.54023,7.42209,7.31651,7.20133,7.08768,6.97448,6.86149,6.75056,6.63845,6.52713,6.41613,6.31517,6.20518,6.09409,5.99406,5.88397,5.78349,5.67372,5.5723,5.46277,5.36195,5.25134,5.14134,5.03992,4.92896,4.81748,4.71738,4.60326,4.50093,4.38817,4.28339,4.16925,4.06216,3.9549,3.84519,3.7437,3.63721,3.53716,3.45405,3.38199,3.32412,3.29992,3.29423,3.3013,3.3098,3.32468,3.33695,3.33557,3.35086,3.36524,3.37902,3.40235,3.415,3.42808,3.44965,3.46129,3.47356,3.49163,3.49549,3.50622,3.51713,3.52791,3.53894,3.54937,3.55013,3.56013,3.57031,3.57125,3.57135,3.57955
7.80793,7.82075,7.83136,7.83036,7.84507,7.85488,7.86495,7.87867,7.88875,7.89907,7.91551,7.92692,7.9398,7.95651,7.97956,7.99606,8.02329,8.04638,8.06843,8.10188,8.13517,8.15837,8.18988,8.23316,8.26317,8.31329,8.35182,8.39964,8.64393,8.4641,8.31462,8.20283,8.08553,7.96206,7.83675,7.71329,7.59224,7.46307,7.34887,7.22609,7.10664,6.98832,6.87009,6.7569,6.64082,6.52641,6.41292,6.30932,6.19689,6.0842,5.98248,5.87099,5.76835,5.65711,5.5534,5.44256,5.33914,5.22645,5.11463,5.01026,4.89655,4.78262,4.67864,4.56024,4.45326,4.3359,4.22395,4.10345,3.98616,3.8684,3.74547,3.62774,3.5032,3.37803,3.27123,3.18209,3.12534,3.11999,3.14463,3.18565,3.22378,3.26252,3.28979,3.28644,3.308,3.32758,3.34569,3.37129,3.38803,3.40446,3.42817,3.44115,3.45609,3.4744,3.4795,3.4911,3.50295,3.51456,3.52677,3.53731,3.53872,3.54882,3.55899,3.56122,3.56118,3.56768
7.81667,7.83132,7.84137,7.84095,7.85758,7.86724,7.87732,7.89265,7.90317,7.91459,7.93241,7.94515,7.95975,7.98008,8.00498,8.02529,8.05594,8.08296,8.11006,8.14997,8.19089,8.22261,8.26661,8.3237,8.37175,8.4463,8.51552,8.59814,9.00319,8.73054,8.5216,8.37661,8.22595,8.07047,7.9233,7.7786,7.64413,7.50329,7.37955,7.24878,7.12321,6.99971,6.87582,6.76008,6.64039,6.52282,6.40694,6.3006,6.18568,6.07168,5.96828,5.85545,5.75057,5.63801,5.53214,5.41999,5.31386,5.19919,5.08562,4.97816,4.86175,4.74544,4.63728,4.51482,4.40286,4.28069,4.16114,4.03404,3.90572,3.77659,3.63946,3.5041,3.3595,3.20684,3.07345,2.96529,2.90994,2.92537,2.98423,3.06163,3.1321,3.19717,3.24087,3.23568,3.26414,3.28938,3.31214,3.33978,3.36094,3.38086,3.40679,3.42098,3.43868,3.45675,3.4635,3.47581,3.48857,3.50097,3.51444,3.52481,3.52698,3.53702,3.54709,3.55075,3.55039,3.55545
7.82485,7.84168,7.85077,7.85105,7.86941,7.87893,7.88899,7.9057,7.91714,7.92896,7.94837,7.9624,7.9788,8.00277,8.02961,8.05348,8.08769,8.11849,8.15103,8.1975,8.24616,8.28696,8.34399,8.41535,8.48252,8.58272,8.68452,8.8039,9.37637,9.0091,8.73635,8.55711,8.37117,8.18178,8.01143,7.84425,7.69561,7.54275,7.40887,7.26989,7.13798,7.00934,6.87955,6.76093,6.63809,6.51733,6.39921,6.29007,6.17267,6.05763,5.95259,5.83847,5.73136,5.61761,5.50968,5.39627,5.28744,5.17086,5.05569,4.94503,4.82606,4.70747,4.59496,4.46871,4.35165,4.22461,4.09719,3.96339,3.82365,3.68267,3.53085,3.37709,3.21095,3.0295,2.86796,2.73952,2.68556,2.72258,2.81812,2.93239,3.03648,3.12891,3.18986,3.18367,3.21958,3.25087,3.27869,3.30823,3.33396,3.35744,3.38568,3.40097,3.42148,3.43881,3.44772,3.46069,3.4743,3.48745,3.50221,3.51221,3.51518,3.5251,3.535,3.54016,3.53936,3.54326
7.83233,7.85129,7.85918,7.8605,7.88025,7.88966,7.89969,7.91755,7.93006,7.94247,7.96314,7.97834,7.99657,8.02407,8.0529,8.08013,8.11819,8.15204,8.1905,8.24335,8.29966,8.34979,8.41993,8.50552,8.59238,8.71854,8.85351,9.01021,9.74917,9.28945,8.95377,8.73944,8.51754,8.29378,8.0997,7.9096,7.74641,7.5814,7.4371,7.28989,7.15156,7.01793,6.88213,6.76063,6.63487,6.51089,6.39078,6.27881,6.15901,6.04315,5.93645,5.82119,5.7119,5.59705,5.4872,5.37263,5.26118,5.14278,5.02617,4.91231,4.79098,4.67025,4.55334,4.42363,4.30141,4.16993,4.03431,3.89394,3.74275,3.58982,3.4233,3.25093,3.06248,2.85201,2.66207,2.5127,2.45982,2.51816,2.65034,2.80151,2.93859,3.05799,3.13645,3.1308,3.17464,3.21232,3.24574,3.27699,3.30732,3.33439,3.365,3.38137,3.4047,3.42144,3.43243,3.44603,3.46045,3.47431,3.49034,3.49986,3.50359,3.51345,3.52313,3.52977,3.52848,3.53154
7.83894,7.8598,7.86637,7.86905,7.88978,7.89915,7.90912,7.92791,7.94155,7.95481,7.97643,7.99262,8.01269,8.04347,8.07429,8.10466,8.14669,8.1829,8.22761,8.28641,8.35006,8.40949,8.49239,8.59173,8.69828,8.84974,9.01723,9.21042,10.10726,9.56192,9.16741,8.91855,8.66147,8.40429,8.18666,7.97398,7.79623,7.61925,7.46448,7.30928,7.16453,7.02618,6.88444,6.76012,6.63164,6.50455,6.38269,6.26788,6.14582,6.02933,5.92097,5.80473,5.69341,5.57751,5.46588,5.35026,5.2364,5.11628,4.9984,4.88144,4.758,4.63531,4.51408,4.3813,4.25399,4.11859,3.97461,3.82806,3.66583,3.50124,3.32052,3.12991,2.91934,2.68041,2.46308,2.29275,2.24036,2.31861,2.48552,2.67195,2.84016,2.98466,3.08032,3.07748,3.12963,3.17398,3.21343,3.24644,3.28125,3.31188,3.34492,3.36238,3.3885,3.405,3.41788,3.43212,3.44734,3.46188,3.47911,3.48812,3.49256,3.5024,3.51185,3.51991,3.51813,3.52071
7.84451,7.86693,7.87214,7.87623,7.8977,7.90712,7.91698,7.9365,7.95127,7.96551,7.98782,8.00491,8.02678,8.06048,8.09325,8.12644,8.17234,8.21073,8.26147,8.3256,8.39604,8.46444,8.55932,8.67152,8.79716,8.97231,9.17038,9.39784,10.43633,9.81703,9.37041,9.08913,8.79934,8.51111,8.27087,8.03674,7.84478,7.65636,7.49117,7.32854,7.1775,7.03478,6.88732,6.76032,6.62935,6.49952,6.37599,6.25836,6.13425,6.01729,5.90725,5.79019,5.67714,5.56015,5.44696,5.3304,5.2144,5.09266,4.97375,4.85388,4.72865,4.60421,4.47886,4.34345,4.21126,4.07243,3.92004,3.76818,3.59569,3.42011,3.22618,3.01834,2.78683,2.52091,2.27824,2.08763,2.03481,2.13048,2.32843,2.54654,2.74301,2.90918,3.02115,3.0241,3.08485,3.13607,3.18184,3.21699,3.25597,3.29005,3.32559,3.34423,3.37307,3.3897,3.40429,3.41927,3.43528,3.45046,3.46879,3.47731,3.48248,3.4922,3.50157,3.51088,3.5087,3.51117
7.8489,7.87237,7.87633,7.88176,7.90368,7.91329,7.923,7.94304,7.95888,7.97409,7.99692,8.01509,8.03849,8.07459,8.10922,8.14486,8.19427,8.23476,8.29119,8.35984,8.43625,8.51301,8.6187,8.74247,8.88577,9.08227,9.30764,9.5658,10.72206,10.04525,9.55593,9.24645,8.92764,8.61208,8.35088,8.09721,7.89175,7.69277,7.51753,7.3481,7.19108,7.04445,6.89166,6.76215,6.62892,6.4967,6.37172,6.25133,6.12544,6.00811,5.89642,5.7787,5.66416,5.54619,5.43166,5.31426,5.19651,5.07326,4.95358,4.83108,4.70437,4.57852,4.44934,4.31179,4.1751,4.03328,3.873,3.71664,3.53514,3.34963,3.14397,2.92053,2.67027,2.37993,2.11442,1.90529,1.85079,1.96028,2.18379,2.42807,2.64834,2.83182,2.95863,2.97104,3.04062,3.09882,3.15102,3.18883,3.23185,3.26906,3.30719,3.32714,3.35857,3.37573,3.39196,3.40802,3.4246,3.44038,3.45963,3.4678,3.47374,3.48327,3.49267,3.50298,3.50057,3.50335
7.85194,7.87584,7.87871,7.8854,7.90738,7.91737,7.92689,7.94722,7.96405,7.98016,8.00337,8.02299,8.04743,8.08531,8.12165,8.15932,8.2117,8.25416,8.31573,8.38805,8.46939,8.5536,8.66848,8.8021,8.96085,9.17553,9.42372,9.70762,10.95013,10.23708,9.71731,9.38582,9.04306,8.70503,8.42524,8.15475,7.93684,7.72852,7.54391,7.36842,7.20587,7.05588,6.89829,6.7665,6.63127,6.49699,6.37085,6.2479,6.12051,6.00291,5.88957,5.77138,5.65557,5.53685,5.4212,5.30305,5.18403,5.05937,4.93925,4.81448,4.68662,4.5598,4.42718,4.28805,4.14739,4.00305,3.83593,3.67582,3.48699,3.29299,3.07757,2.8408,2.57488,2.2639,1.97839,1.75369,1.69593,1.81454,2.05638,2.31946,2.55731,2.75284,2.89243,2.9187,2.99726,3.06246,3.12111,3.16213,3.20925,3.24905,3.28987,3.31133,3.34518,3.36336,3.38121,3.39891,3.41563,3.43194,3.45191,3.45992,3.46669,3.47605,3.48555,3.49652,3.49412,3.49766
7.85347,7.87703,7.87908,7.88689,7.90858,7.91898,7.92833,7.94878,7.96645,7.98338,8.00678,8.02801,8.05347,8.09213,8.13,8.16921,8.22388,8.26809,8.33401,8.40924,8.49415,8.58458,8.70664,8.84796,9.01914,9.24782,9.51366,9.8166,11.10623,10.383,9.84797,9.50258,9.14237,8.78757,8.49251,8.20869,7.97975,7.76362,7.57071,7.39008,7.22226,7.06976,6.9081,6.77429,6.63734,6.50125,6.37431,6.24906,6.12066,6.00278,5.88783,5.76935,5.65245,5.53332,5.41617,5.298,5.17827,5.05234,4.93212,4.80555,4.67689,4.54955,4.41395,4.27395,4.13,3.98367,3.81132,3.6482,3.45387,3.2534,3.03065,2.78345,2.5058,2.1793,1.87773,1.6405,1.57779,1.69979,1.95093,2.22376,2.471,2.67245,2.82219,2.86752,2.95506,3.02722,3.09228,3.13703,3.18826,3.23053,3.27378,3.29702,3.33307,3.35291,3.37234,3.39201,3.40885,3.42549,3.44589,3.45402,3.46169,3.47098,3.4806,3.49179,3.48974,3.49453
7.85334,7.87566,7.8772,7.88596,7.90706,7.9178,7.92701,7.94743,7.96574,7.98342,8.0068,8.02938,8.05616,8.09453,8.13371,8.17391,8.23008,8.27576,8.34484,8.42218,8.50927,8.60434,8.73113,8.87759,9.05745,9.29479,9.57209,9.88608,11.17605,10.47348,9.94124,9.59188,9.22235,8.85756,8.55127,8.25838,8.02018,7.79809,7.59823,7.41368,7.24093,7.08673,6.92193,6.78642,6.64805,6.51039,6.38301,6.25586,6.12708,6.00883,5.89231,5.77372,5.65591,5.53675,5.41796,5.30034,5.18055,5.05346,4.93354,4.80572,4.67674,4.54917,4.41123,4.2712,4.12481,3.97709,3.80149,3.63632,3.43863,3.23407,3.00692,2.7528,2.46816,2.13243,1.82031,1.57354,1.50391,1.62255,1.87222,2.14403,2.39075,2.59091,2.74751,2.81792,2.91435,2.99331,3.06474,3.11374,3.1688,3.2137,3.25905,3.28443,3.32242,3.34468,3.36563,3.38718,3.40457,3.42136,3.44184,3.45045,3.45906,3.46845,3.47822,3.48918,3.48781,3.49437
7.85138,7.87148,7.87284,7.88235,7.90252,7.91365,7.92271,7.94287,7.96164,7.97997,8.00306,8.02655,8.05455,8.09201,8.13224,8.17278,8.22955,8.27641,8.3472,8.42529,8.51336,8.61126,8.73994,8.88856,9.07262,9.31229,9.59289,9.90935,11.14526,10.49831,9.99046,9.64879,9.27964,8.91315,8.60025,8.30315,8.05779,7.83195,7.62675,7.43974,7.26306,7.10742,6.94066,6.80373,6.66434,6.52538,6.3979,6.26938,6.14078,6.02214,5.90415,5.78562,5.66713,5.54831,5.4293,5.31123,5.19219,5.06407,4.94488,4.81646,4.68768,4.55985,4.42101,4.28154,4.13369,3.98525,3.80871,3.64262,3.4445,3.23807,3.01005,2.75314,2.46707,2.12955,1.81363,1.56103,1.48213,1.58935,1.82522,2.08334,2.318,2.50855,2.66807,2.77013,2.87543,2.96094,3.03867,3.09252,3.15094,3.1982,3.24577,3.27377,3.31342,3.339,3.36135,3.38453,3.40263,3.41977,3.44003,3.44955,3.45913,3.46883,3.4788,3.48916,3.48871,3.49759
7.84712,7.8644,7.86589,7.87584,7.89481,7.90629,7.91518,7.93495,7.95403,7.97284,7.99528,8.01928,8.04821,8.08452,8.12506,8.16519,8.22175,8.26947,8.34021,8.41751,8.50488,8.6038,8.73125,8.87849,9.06179,9.29653,9.57103,9.87989,11.00316,10.45176,9.99063,9.66889,9.31106,8.95237,8.63772,8.34238,8.0923,7.86515,7.65657,7.46875,7.2893,7.13297,6.9651,6.8269,6.68703,6.5471,6.41989,6.29057,6.1626,6.04372,5.92439,5.80605,5.68706,5.56908,5.45103,5.33167,5.21435,5.08532,4.9673,4.83903,4.71101,4.58284,4.44472,4.30641,4.15845,4.01001,3.83498,3.66923,3.47403,3.26847,3.04333,2.78848,2.50717,2.17627,1.8642,1.6102,1.51918,1.606,1.8146,2.0446,2.25432,2.42565,2.58369,2.725,2.83867,2.93032,3.01439,3.07366,3.13501,3.1841,3.23425,3.2653,3.30616,3.33621,3.35972,3.38441,3.40322,3.42125,3.44072,3.45163,3.46217,3.47252,3.4827,3.49205,3.4928,3.50428
7.83957,7.85436,7.85699,7.86684,7.88464,7.89588,7.90487,7.92439,7.9428,7.96254,7.98403,8.0084,8.03793,8.07277,8.11259,8.15213,8.20736,8.25597,8.32464,8.40009,8.48463,8.58273,8.70626,8.84857,9.02679,9.24947,9.50941,9.80092,10.7683,10.33578,9.94628,9.65379,9.31703,8.97476,8.66339,8.37528,8.12279,7.89679,7.68698,7.50005,7.31871,7.16239,6.99457,6.85561,6.71527,6.57481,6.44816,6.31854,6.19166,6.07261,5.95191,5.83413,5.71459,5.59811,5.47996,5.36033,5.2459,5.11618,4.99962,4.87227,4.7454,4.61699,4.48101,4.34414,4.19742,4.04991,3.87861,3.71436,3.52487,3.32291,3.10428,2.85582,2.58531,2.26864,1.96745,1.71637,1.6111,1.66912,1.83785,2.02808,2.20188,2.34471,2.49749,2.68453,2.8053,2.90277,2.99284,3.05788,3.12207,3.17208,3.22455,3.25931,3.30087,3.33623,3.36065,3.38708,3.40645,3.42586,3.44388,3.45655,3.46792,3.47947,3.48968,3.49757,3.49981,3.51295
7.8296,7.84238,7.84673,7.85626,7.87294,7.88352,7.89277,7.91221,7.92909,7.94935,7.97031,7.99484,8.02481,8.05804,8.09632,8.13578,8.18768,8.23725,8.30251,8.37536,8.45544,8.55112,8.66874,8.80391,8.97301,9.17823,9.41715,9.68407,10.46829,10.16386,9.86083,9.60915,9.30043,8.98104,8.67709,8.40063,8.14773,7.9253,7.71619,7.53155,7.34927,7.1936,7.02683,6.88759,6.74694,6.60583,6.48043,6.35096,6.2255,6.1064,5.98391,5.86743,5.74722,5.63288,5.51434,5.39479,5.28363,5.15389,5.03904,4.9131,4.78775,4.65906,4.52632,4.39111,4.2469,4.10026,3.93556,3.77319,3.5915,3.39526,3.1859,2.94737,2.69236,2.39568,2.11066,1.86579,1.74532,1.76903,1.88891,2.03186,2.16219,2.27117,2.41562,2.65104,2.77723,2.8809,2.97453,3.04562,3.11254,3.16278,3.21728,3.25605,3.29779,3.33849,3.36394,3.39196,3.41187,3.43302,3.44915,3.46377,3.47622,3.48908,3.499,3.50516,3.50905,3.52288
7.81826,7.82957,7.83572,7.84508,7.86066,7.8703,7.87986,7.89936,7.91427,7.93491,7.95517,7.97915,8.00988,8.04166,8.07776,8.1172,8.16548,8.21433,8.27569,8.34558,8.42015,8.51218,8.62241,8.74861,8.90556,9.08987,9.30341,9.54099,10.13017,9.95508,9.74575,9.54022,9.26442,8.97205,8.67881,8.41716,8.16597,7.94888,7.74208,7.5612,7.37901,7.22445,7.05955,6.92034,6.77989,6.63812,6.5143,6.38546,6.26162,6.14261,6.01837,5.90356,5.78291,5.67084,5.55202,5.43255,5.32429,5.19556,5.08245,4.95843,4.835,4.70576,4.57712,4.44368,4.30303,4.158,4.00105,3.8409,3.66843,3.47936,3.28109,3.05518,2.81863,2.54593,2.28149,2.04452,1.90903,1.89592,1.96276,2.05463,2.13709,2.21072,2.3442,2.62675,2.75641,2.86552,2.96093,3.03798,3.10649,3.15679,3.21305,3.25571,3.29723,3.34368,3.36994,3.39804,3.41897,3.44216,3.45619,3.47272,3.4868,3.50029,3.50991,3.51432,3.51984,3.5335
7.80659,7.81699,7.82496,7.83424,7.84829,7.8574,7.86714,7.88684,7.89955,7.92045,7.93992,7.96257,7.9939,8.02492,8.05846,8.0978,8.14222,8.18891,8.24721,8.31279,8.38159,8.4691,8.57107,8.687,8.82975,8.99188,9.17695,9.38329,9.78096,9.72704,9.61138,9.45222,9.21188,8.94882,8.66854,8.4236,8.17621,7.96599,7.76252,7.58642,7.40626,7.2528,7.09044,6.95154,6.81165,6.66993,6.54697,6.4197,6.29748,6.17877,6.05297,5.94007,5.81961,5.70941,5.58959,5.47108,5.36462,5.23831,5.12693,5.00512,4.88397,4.75371,4.62985,4.49824,4.36187,4.21889,4.06978,3.91302,3.75039,3.56903,3.38274,3.17113,2.95439,2.70743,2.46587,2.23885,2.08945,2.03999,2.05397,2.09489,2.12939,2.16828,2.28918,2.61388,2.74479,2.85807,2.95378,3.03616,3.1052,3.15439,3.21247,3.25852,3.29944,3.35126,3.37867,3.40502,3.42704,3.45269,3.46462,3.48286,3.49853,3.51208,3.52164,3.52462,3.53148,3.54421
7.79566,7.80566,7.81535,7.82457,7.83679,7.84583,7.85558,7.87561,7.88611,7.90712,7.92601,7.94701,7.97843,8.00926,8.03992,8.07899,8.11958,8.16363,8.21943,8.27923,8.34249,8.42506,8.51851,8.62353,8.75149,8.89157,9.04838,9.22261,9.4477,9.49728,9.46751,9.35141,9.1456,8.91189,8.64607,8.4187,8.17717,7.97497,7.77591,7.60512,7.42846,7.27679,7.11716,6.97887,6.83986,6.69876,6.57634,6.45143,6.33048,6.2124,6.0854,5.97452,5.85452,5.74607,5.63014,5.50776,5.40137,5.27929,5.16956,5.04999,4.93117,4.80048,4.6809,4.55113,4.41949,4.27883,4.13714,3.98462,3.8319,3.65826,3.48375,3.28712,3.08989,2.86857,2.64974,2.434,2.27366,2.19143,2.15711,2.15118,2.14189,2.14879,2.25624,2.61463,2.7443,2.86003,2.95464,3.04044,3.10972,3.15721,3.21632,3.2647,3.30467,3.36087,3.38914,3.41336,3.43655,3.46404,3.47409,3.49363,3.51057,3.52402,3.53341,3.53599,3.54327,3.55444
7.78655,7.79659,7.80779,7.81689,7.82761,7.83646,7.84622,7.86661,7.87513,7.89604,7.91473,7.93423,7.96506,7.99536,8.02367,8.06219,8.09924,8.14065,8.19362,8.24847,8.30608,8.38325,8.46852,8.56266,8.67646,8.79578,8.92637,9.07035,9.15628,9.2825,9.32357,9.24358,9.0686,8.86208,8.61188,8.40124,8.16752,7.97417,7.78049,7.61581,7.44275,7.29367,7.13742,7.00004,6.8622,6.72228,6.60099,6.47784,6.35816,6.24107,6.11336,6.00449,5.88505,5.77829,5.65592,5.54022,5.43101,5.31566,5.20742,5.08994,4.97303,4.84279,4.72699,4.5988,4.47195,4.33372,4.19853,4.05042,3.90618,3.74094,3.57712,3.39509,3.21551,3.01783,2.82037,2.61655,2.4492,2.34062,2.2667,2.22201,2.17713,2.15747,2.25307,2.63034,2.75686,2.87287,2.96499,3.05137,3.12028,3.16599,3.22525,3.27446,3.31321,3.37218,3.40077,3.42338,3.4468,3.47534,3.48422,3.50448,3.52215,3.53555,3.54453,3.54692,3.55452,3.56367
7.78014,7.79013,7.8024,7.81161,7.82089,7.82968,7.83956,7.86006,7.86681,7.88766,7.90625,7.92438,7.95433,7.98415,8.0103,8.04816,8.08225,8.12043,8.17101,8.22143,8.2736,8.34548,8.423,8.50688,8.60746,8.70844,8.81586,8.93323,8.91333,9.09151,9.18396,9.13174,8.98297,8.80022,8.56653,8.37138,8.14697,7.963,7.77535,7.61728,7.44847,7.30259,7.15001,7.01417,6.8778,6.73955,6.61937,6.49789,6.37971,6.26364,6.13549,6.02869,5.91019,5.8047,5.67526,5.5673,5.4494,5.34598,5.23896,5.12337,5.0082,4.87876,4.76605,4.63963,4.51688,4.38135,4.25157,4.10794,3.97081,3.81338,3.65936,3.49042,3.32624,3.14917,2.97086,2.77937,2.60947,2.48265,2.37916,2.30595,2.23516,2.19597,2.28062,2.66212,2.78285,2.89726,2.98449,3.06963,3.13718,3.18071,3.23868,3.2877,3.32485,3.38527,3.41368,3.43453,3.45754,3.48641,3.49461,3.51511,3.53325,3.54613,3.55462,3.55718,3.56487,3.5721
7.77624,7.78605,7.79891,7.80846,7.81626,7.82519,7.83522,7.85562,7.86097,7.88165,7.90012,7.91697,7.94588,7.97526,7.99944,8.03587,8.0681,8.10251,8.15124,8.19749,8.24465,8.31134,8.38141,8.45577,8.54396,8.62896,8.71618,8.81033,8.71355,8.92321,9.04884,9.0168,8.89003,8.72776,8.51116,8.33041,8.11661,7.94228,7.76114,7.61003,7.4462,7.30395,7.15523,7.02138,6.8869,6.75078,6.63158,6.51185,6.39518,6.2803,6.15249,6.04724,5.9301,5.82543,5.69116,5.58936,5.4569,5.3704,5.2644,5.15056,5.03704,4.90866,4.79845,4.67398,4.55461,4.42198,4.29672,4.15766,4.02655,3.8763,3.73115,3.57373,3.4229,3.26363,3.10235,2.92343,2.75492,2.61739,2.49445,2.40099,2.31297,2.26067,2.33491,2.70784,2.82072,2.9306,3.01205,3.09452,3.15977,3.20071,3.25626,3.30404,3.33929,3.39993,3.42779,3.44663,3.46879,3.49721,3.5052,3.52555,3.54385,3.55581,3.56379,3.56695,3.57439,3.57994
7.77452,7.78386,7.79722,7.8071,7.81343,7.82264,7.83284,7.85292,7.85705,7.87773,7.89597,7.9116,7.93929,7.96822,7.99062,8.02508,8.05581,8.08658,8.13381,8.17611,8.21864,8.28022,8.34314,8.40865,8.48534,8.55642,8.62615,8.70011,8.55213,8.77518,8.9186,8.89966,8.79101,8.64623,8.44703,8.27963,8.07746,7.91295,7.73869,7.59474,7.43648,7.29818,7.15351,7.02218,6.88966,6.75619,6.63788,6.51997,6.40479,6.2913,6.16433,6.06036,5.94488,5.84074,5.7029,5.60652,5.45467,5.38921,5.28416,5.17188,5.05995,4.93289,4.82466,4.70231,4.58589,4.45589,4.33464,4.20021,4.07414,3.93055,3.79337,3.64606,3.50649,3.3627,3.2165,3.05025,2.8865,2.74488,2.611,2.50534,2.40742,2.34757,2.41199,2.76535,2.86872,2.97182,3.04697,3.12505,3.18725,3.22531,3.2775,3.32309,3.35607,3.41556,3.44286,3.45958,3.48053,3.50783,3.516,3.53587,3.55351,3.56479,3.57222,3.5763,3.58322,3.58729
7.77462,7.78329,7.79701,7.80714,7.81212,7.82169,7.83207,7.85162,7.8547,7.87553,7.89347,7.90787,7.93415,7.96262,7.98341,8.01548,8.04489,8.07261,8.11814,8.15672,8.19499,8.25154,8.30758,8.36488,8.43114,8.48991,8.54461,8.60114,8.42421,8.6452,8.7931,8.7813,8.68716,8.55715,8.37544,8.22032,8.03052,7.87593,7.70891,7.57213,7.41986,7.28576,7.1453,7.01693,6.88647,6.75592,6.63862,6.52253,6.40885,6.29691,6.1712,6.06828,5.95457,5.85086,5.70982,5.61891,5.44386,5.40273,5.29854,5.18766,5.07729,4.95184,4.84515,4.72505,4.61119,4.4836,4.36595,4.23619,4.11434,3.97693,3.84692,3.70842,3.57826,3.44774,3.315,3.16135,3.00521,2.86516,2.72772,2.61692,2.51571,2.45268,2.50795,2.83256,2.92515,3.01968,3.08806,3.16011,3.21884,3.25378,3.30187,3.34446,3.37487,3.43198,3.45834,3.47333,3.49274,3.51838,3.52698,3.54612,3.56231,3.57334,3.58006,3.58534,3.59146,3.59428
7.7762,7.78407,7.79792,7.80825,7.81212,7.822,7.83253,7.85138,7.85357,7.87461,7.89222,7.90546,7.93006,7.95804,7.97735,8.00673,8.03509,8.06034,8.10351,8.13877,8.1731,8.2247,8.27414,8.32379,8.38076,8.42854,8.47038,8.51201,8.32498,8.53107,8.672,8.66257,8.57963,8.46205,8.29762,8.1538,7.97681,7.83211,7.67264,7.54295,7.3969,7.26717,7.13101,7.00597,6.87781,6.7502,6.63428,6.51979,6.40763,6.29738,6.17329,6.07123,5.95928,5.85604,5.71094,5.62662,5.42564,5.41133,5.30783,5.19826,5.08944,4.96592,4.86037,4.74266,4.63095,4.5058,4.39126,4.26604,4.14791,4.01623,3.8927,3.76182,3.63958,3.52019,3.39957,3.25825,3.11204,2.97828,2.84356,2.73352,2.63481,2.57216,2.61881,2.90743,2.98828,3.07287,3.13391,3.19874,3.25365,3.28542,3.3288,3.36775,3.39541,3.44918,3.4739,3.4879,3.50541,3.52893,3.53814,3.55633,3.57069,3.58166,3.58746,3.59414,3.59924,3.60101
7.77893,7.78587,7.79965,7.81013,7.81318,7.82321,7.83387,7.85184,7.85332,7.87457,7.89169,7.90402,7.92666,7.95406,7.97199,7.99847,8.02595,8.04904,8.08929,8.12177,8.15237,8.1991,8.24219,8.28474,8.3333,8.37144,8.40228,8.43131,8.24961,8.43054,8.5553,8.54462,8.46959,8.36242,8.21485,8.08137,7.91737,7.78237,7.63057,7.50796,7.36812,7.24289,7.11108,6.98964,6.86399,6.73928,6.62531,6.51201,6.40142,6.29296,6.17079,6.06943,5.95926,5.85652,5.70406,5.62978,5.40116,5.41531,5.31241,5.20399,5.09677,4.97547,4.87079,4.75557,4.64573,4.52304,4.41119,4.29027,4.17558,4.04926,3.93161,3.8073,3.69173,3.58157,3.47191,3.34255,3.208,3.08429,2.95736,2.85292,2.76121,2.70216,2.74058,2.98786,3.0564,3.13008,3.18339,3.24017,3.29084,3.31946,3.35775,3.39256,3.41736,3.46706,3.48968,3.50329,3.51848,3.53959,3.54948,3.56655,3.57879,3.58981,3.5946,3.6027,3.60667,3.6076
7.78246,7.78836,7.80188,7.81247,7.81507,7.82497,7.83572,7.85265,7.85355,7.875,7.89142,7.90318,7.92359,7.95027,7.96687,7.99034,8.01701,8.03801,8.07484,8.10526,8.13221,8.17414,8.21113,8.2471,8.28788,8.31772,8.33909,8.35763,8.19326,8.34137,8.443,8.4283,8.35826,8.25973,8.12838,8.00432,7.85319,7.72758,7.58344,7.46786,7.33404,7.21341,7.08594,6.96831,6.84533,6.72349,6.61209,6.49945,6.39051,6.28392,6.16389,6.06309,5.95479,5.85253,5.68596,5.62849,5.37159,5.415,5.31266,5.20524,5.09968,4.98082,4.87687,4.76425,4.65606,4.53585,4.42639,4.30941,4.19803,4.07681,3.96454,3.84593,3.73597,3.63344,3.5337,3.41588,3.29409,3.18323,3.06801,2.97291,2.8914,2.83878,2.86932,3.07181,3.12778,3.18996,3.23537,3.28366,3.3296,3.35506,3.38817,3.41852,3.44039,3.48549,3.50586,3.51946,3.53183,3.55046,3.56098,3.57682,3.58678,3.59786,3.60163,3.61095,3.61386,3.61416
7.78644,7.79119,7.80431,7.81495,7.81758,7.82693,7.83772,7.85347,7.8539,7.87548,7.891,7.90234,7.92052,7.94624,7.96156,7.98199,8.0078,8.02673,8.06002,8.08882,8.11202,8.14923,8.18035,8.21023,8.2438,8.26635,8.27957,8.28954,8.1511,8.26131,8.3351,8.31429,8.24707,8.15546,8.03948,7.92395,7.78531,7.66862,7.53204,7.42329,7.29517,7.17921,7.05604,6.94232,6.82213,6.70313,6.5945,6.48238,6.37519,6.2705,6.15279,6.05245,5.94607,5.84434,5.65349,5.62286,5.33807,5.41073,5.30896,5.20249,5.09864,4.98228,4.87908,4.76912,4.66249,4.54479,4.43751,4.32434,4.21595,4.09968,3.99239,3.87873,3.77357,3.67737,3.58637,3.47987,3.37131,3.27515,3.17438,3.0913,3.02214,2.97777,3.00107,3.15719,3.2007,3.2512,3.2887,3.32835,3.36922,3.3914,3.41951,3.44521,3.46419,3.50436,3.52237,3.53591,3.54535,3.56162,3.57264,3.58719,3.59482,3.60592,3.60871,3.61879,3.62092,3.6208
7.79054,7.79404,7.80665,7.81726,7.82028,7.82874,7.8395,7.85394,7.854,7.87561,7.89002,7.90099,7.91707,7.94159,7.9556,7.97305,7.99786,8.01471,8.04446,8.07187,8.09119,8.12377,8.14924,8.17349,8.20039,8.21642,8.22254,8.2257,8.1183,8.18811,8.23159,8.20322,8.13732,8.05117,7.9494,7.84157,7.71475,7.60638,7.47715,7.37483,7.25206,7.1408,7.02178,6.91203,6.7947,6.67852,6.57262,6.46107,6.3558,6.25297,6.13766,6.03772,5.93331,5.83219,5.59638,5.613,5.30178,5.40281,5.30167,5.19621,5.09411,4.98029,4.87785,4.77065,4.66556,4.55042,4.44521,4.33582,4.23007,4.11862,4.01606,3.90676,3.80581,3.71491,3.63152,3.53601,3.44068,3.36011,3.27532,3.20587,3.1502,3.11502,3.13178,3.24203,3.27345,3.31245,3.34224,3.3734,3.40903,3.42773,3.45116,3.47224,3.48844,3.52354,3.53918,3.55243,3.55908,3.5732,3.58445,3.59771,3.60307,3.61411,3.61598,3.62628,3.62798,3.62765
7.79442,7.79657,7.80857,7.81908,7.82264,7.83007,7.84073,7.85372,7.85348,7.87497,7.88808,7.89868,7.91272,7.93607,7.94854,7.96317,7.98671,8.00146,8.0277,8.05336,8.06902,8.09716,8.11719,8.1362,8.15694,8.16711,8.16707,8.16498,8.09004,8.11953,8.13244,8.09571,8.03021,7.94868,7.85933,7.75848,7.64252,7.54173,7.41958,7.32308,7.20547,7.09883,6.98362,6.8778,6.76338,6.64995,6.5467,6.43586,6.33286,6.23158,6.11869,6.01913,5.91671,5.81631,5.49071,5.59899,5.26387,5.39157,5.29116,5.18692,5.08651,4.97561,4.87356,4.76928,4.66582,4.5533,4.45015,4.34448,4.24126,4.13421,4.03644,3.93107,3.83397,3.74765,3.67086,3.58523,3.50338,3.43813,3.36971,3.31439,3.27234,3.24648,3.25709,3.32468,3.34431,3.37238,3.39484,3.41798,3.44839,3.46363,3.48229,3.49923,3.51282,3.54291,3.55623,3.56898,3.57346,3.58538,3.59641,3.60842,3.61168,3.62255,3.62361,3.63395,3.63513,3.6348
7.79772,7.79845,7.80978,7.82008,7.82405,7.83059,7.841,7.85246,7.85196,7.87315,7.88478,7.89495,7.90701,7.92914,7.93992,7.95199,7.97389,7.98646,8.00928,8.03275,8.04494,8.06881,8.0836,8.09773,8.11273,8.1176,8.11214,8.10585,8.06148,8.0533,8.03764,7.99256,7.92699,7.84929,7.77054,7.67596,7.56964,7.47557,7.36013,7.26861,7.15595,7.05371,6.94198,6.83998,6.72848,6.61772,6.51698,6.40711,6.30657,6.20658,6.09608,5.9969,5.89647,5.79692,5.36603,5.5804,5.2255,5.37732,5.27777,5.17505,5.07633,4.9685,4.86671,4.76545,4.6638,4.55398,4.45298,4.35098,4.25047,4.14733,4.05444,3.95269,3.85934,3.77714,3.70614,3.62921,3.56045,3.50928,3.45639,3.41465,3.38529,3.36813,3.373,3.40292,3.41155,3.42967,3.44534,3.46123,3.48666,3.49849,3.51245,3.52577,3.537,3.56236,3.57344,3.58555,3.58834,3.59836,3.6085,3.61937,3.6208,3.63135,3.63174,3.64202,3.64252,3.64238
7.80011,7.79932,7.80998,7.81996,7.82412,7.82994,7.83989,7.8498,7.84909,7.86975,7.87971,7.88934,7.89951,7.9201,7.92931,7.93914,7.9589,7.9692,7.98872,8.00958,8.0185,8.03812,8.04785,8.0574,8.06699,8.06697,8.0567,8.04633,8.02779,7.98721,7.9472,7.89457,7.82892,7.75417,7.68429,7.59533,7.49714,7.40876,7.29956,7.21206,7.10403,7.00568,6.89729,6.79893,6.69032,6.5821,6.48366,6.37513,6.27672,6.17824,6.06999,5.97126,5.87281,5.77428,5.26006,5.55646,5.18784,5.36038,5.26186,5.16102,5.064,4.95907,4.85802,4.75961,4.66006,4.55304,4.45434,4.35599,4.25863,4.15925,4.07095,3.97269,3.8832,3.80492,3.73901,3.6698,3.61249,3.57359,3.53421,3.50441,3.48575,3.4759,3.4756,3.47394,3.47346,3.48295,3.4926,3.50226,3.52315,3.53162,3.5417,3.55148,3.56068,3.58175,3.59078,3.60203,3.60343,3.61191,3.62072,3.63059,3.6306,3.64063,3.64054,3.65064,3.65028,3.65049
7.80108,7.79884,7.80893,7.81847,7.82274,7.82787,7.83718,7.84548,7.8446,7.8645,7.87262,7.88166,7.88997,7.90873,7.91631,7.92427,7.94143,7.94948,7.96563,7.98346,7.98929,8.00472,8.00951,8.01476,8.01927,8.01458,7.99994,7.9854,7.9857,7.91968,7.86103,7.80261,7.73694,7.66469,7.60156,7.51741,7.42598,7.3421,7.23855,7.1541,7.05025,6.95518,6.85002,6.755,6.64926,6.5435,6.44719,6.34019,6.24366,6.14677,6.04085,5.94253,5.84603,5.74872,5.17109,5.52986,5.1559,5.34107,5.24381,5.14515,5.0498,4.94791,4.84787,4.75226,4.65529,4.55102,4.45479,4.36009,4.26622,4.17057,4.08669,3.99199,3.90647,3.83217,3.77077,3.70815,3.66024,3.63115,3.60247,3.58217,3.57132,3.56685,3.56225,3.53625,3.52876,3.5311,3.53582,3.54037,3.55715,3.56256,3.56959,3.57614,3.58359,3.6009,3.60812,3.61832,3.61879,3.62584,3.63318,3.64215,3.64109,3.65048,3.65011,3.65985,3.65849,3.65905
7.80052,7.79717,7.80668,7.81567,7.82009,7.82444,7.833,7.83959,7.83878,7.85751,7.86368,7.87213,7.87854,7.89517,7.90107,7.90756,7.92167,7.92762,7.94018,7.95473,7.95761,7.96896,7.96898,7.97011,7.96991,7.96074,7.94214,7.92337,7.93599,7.85162,7.7791,7.71687,7.65106,7.5811,7.52259,7.44235,7.35658,7.2761,7.17762,7.09539,6.99522,6.90289,6.80083,6.70874,6.60595,6.50262,6.40832,6.30287,6.20814,6.11275,6.00935,5.91141,5.81681,5.7209,5.09382,5.50293,5.13261,5.32004,5.2242,5.12789,5.03417,4.93564,4.83667,4.74391,4.64973,4.54833,4.45468,4.36365,4.27342,4.18149,4.10194,4.01093,3.92933,3.85911,3.80168,3.74456,3.7043,3.68244,3.66169,3.64868,3.6428,3.64185,3.63397,3.59038,3.57771,3.57449,3.5752,3.5756,3.58862,3.59141,3.59606,3.59981,3.60592,3.61968,3.62536,3.63438,3.63442,3.64024,3.64592,3.65397,3.65216,3.66086,3.66037,3.66954,3.66714,3.66789
7.79856,7.79462,7.80332,7.81169,7.81628,7.81977,7.82748,7.83231,7.8317,7.84896,7.85312,7.86097,7.86548,7.87975,7.8839,7.88935,7.90002,7.90395,7.91277,7.92385,7.92391,7.93132,7.92692,7.92397,7.91943,7.90598,7.8838,7.86083,7.88004,7.78384,7.70189,7.63713,7.57112,7.50328,7.44752,7.37039,7.28914,7.21117,7.1173,7.03657,6.93962,6.84958,6.75047,6.66083,6.56102,6.46021,6.36783,6.26393,6.17092,6.07696,5.97616,5.87864,5.7859,5.69155,5.02676,5.47507,5.11728,5.29815,5.20365,5.10982,5.01769,4.92274,4.82493,4.73501,4.64363,4.54533,4.45438,4.36697,4.28048,4.19225,4.1169,4.02999,3.95203,3.88584,3.83187,3.77926,3.74506,3.72811,3.71272,3.70474,3.70171,3.70265,3.69235,3.63715,3.62095,3.61363,3.61111,3.60818,3.61778,3.61834,3.62121,3.62256,3.62762,3.63825,3.64247,3.65023,3.65024,3.65502,3.65889,3.666,3.66379,3.67169,3.67121,3.67963,3.67617,3.677
7.79535,7.79123,7.79896,7.80664,7.81141,7.814,7.82077,7.82381,7.82344,7.83904,7.84121,7.84839,7.85104,7.86275,7.86513,7.86986,7.87686,7.87882,7.8838,7.89129,7.88864,7.8923,7.88385,7.87687,7.86842,7.85085,7.82543,7.79835,7.81923,7.7168,7.62965,7.56301,7.49698,7.43107,7.37647,7.30174,7.224,7.14781,7.05815,6.97827,6.88413,6.796,6.69968,6.61206,6.51514,6.41703,6.32645,6.22412,6.13276,6.04019,5.94203,5.84497,5.75407,5.66139,4.96819,5.44675,5.10921,5.27603,5.18287,5.09172,5.00093,4.9097,4.81315,4.72603,4.63745,4.54238,4.45426,4.37036,4.28769,4.20311,4.1318,4.0493,3.97478,3.91259,3.86147,3.81248,3.78288,3.7688,3.75654,3.75132,3.74948,3.75097,3.73895,3.67741,3.65907,3.6489,3.64394,3.63839,3.64486,3.6435,3.64512,3.64444,3.64865,3.6566,3.65944,3.66586,3.66617,3.67006,3.67203,3.67819,3.67591,3.6829,3.68254,3.69003,3.68555,3.68635
7.79105,7.78699,7.79371,7.80066,7.80546,7.80724,7.81303,7.81427,7.81418,7.82794,7.82822,7.83464,7.83546,7.84448,7.84508,7.8493,7.85247,7.85257,7.85368,7.85754,7.85229,7.85238,7.84019,7.82949,7.81742,7.79591,7.76754,7.73651,7.75494,7.651,7.5622,7.49421,7.42851,7.36436,7.30956,7.23664,7.16156,7.08677,7.00068,6.92106,6.82943,6.7429,6.6492,6.56328,6.46915,6.37387,6.28494,6.18419,6.09441,6.0032,5.90771,5.81106,5.72206,5.63113,4.91666,5.41883,5.10771,5.25419,5.16265,5.07423,4.98449,4.89699,4.80182,4.71744,4.63168,4.53984,4.45473,4.37416,4.29532,4.2143,4.14683,4.06885,3.99775,3.93951,3.89064,3.84443,3.81811,3.80516,3.79412,3.78967,3.78754,3.78851,3.77538,3.71199,3.69271,3.68074,3.67403,3.6665,3.67013,3.66708,3.66791,3.6655,3.66904,3.67441,3.67624,3.68134,3.68211,3.68526,3.68528,3.69051,3.68838,3.69441,3.69422,3.70068,3.69522,3.69592
7.78578,7.78198,7.78771,7.79386,7.79843,7.79962,7.80441,7.80387,7.80406,7.81586,7.81437,7.81995,7.81899,7.82523,7.82406,7.82793,7.8272,7.82554,7.82284,7.82307,7.81533,7.81206,7.79642,7.78233,7.76695,7.74169,7.71065,7.67588,7.68855,7.58698,7.49948,7.43072,7.36555,7.30299,7.24691,7.1753,7.1022,7.02846,6.9453,6.86551,6.77619,6.69102,6.59977,6.51527,6.42385,6.33138,6.24402,6.14489,6.05661,5.96679,5.87396,5.77771,5.69058,5.60149,4.87616,5.39215,5.11207,5.23321,5.1435,5.05775,4.96892,4.88511,4.79144,4.7097,4.62675,4.53811,4.45623,4.37871,4.30362,4.22607,4.16219,4.08876,4.02103,3.96666,3.91949,3.87535,3.85111,3.83784,3.82643,3.82111,3.81749,3.81693,3.80328,3.74171,3.72247,3.7096,3.7017,3.69275,3.69384,3.68927,3.68968,3.68581,3.68882,3.69168,3.69285,3.69673,3.69799,3.7005,3.69858,3.70291,3.70109,3.70613,3.70615,3.7115,3.70513,3.70568
7.77971,7.7763,7.78106,7.78637,7.79033,7.79127,7.79506,7.79279,7.79323,7.80301,7.79983,7.80458,7.80185,7.80529,7.8024,7.80599,7.8014,7.79808,7.79169,7.78838,7.77824,7.77183,7.75305,7.73584,7.71742,7.68877,7.6553,7.61707,7.62144,7.52531,7.44142,7.37282,7.30794,7.24676,7.18863,7.11796,7.04626,6.97328,6.89234,6.81222,6.72506,6.6411,6.55214,6.46883,6.37998,6.29015,6.20443,6.10695,6.0201,5.93172,5.84152,5.74574,5.66032,5.57318,4.8614,5.36757,5.1216,5.21373,5.12592,5.04237,4.95478,4.87448,4.78251,4.70328,4.62309,4.53761,4.45923,4.38435,4.31287,4.23868,4.17811,4.10917,4.04467,3.99394,3.94818,3.90549,3.88223,3.86749,3.85442,3.84694,3.84109,3.83792,3.82443,3.76742,3.74897,3.73589,3.72725,3.71739,3.71623,3.71032,3.71052,3.70543,3.70798,3.70853,3.70919,3.71206,3.71367,3.71566,3.71189,3.71534,3.71394,3.71798,3.71823,3.72246,3.71524,3.71561
7.77298,7.77004,7.77389,7.7783,7.78142,7.78232,7.78514,7.78121,7.78184,7.78957,7.7848,7.78872,7.78429,7.78495,7.78042,7.78375,7.77543,7.77055,7.76071,7.75399,7.74149,7.73216,7.71055,7.69049,7.66933,7.6377,7.60199,7.56063,7.55498,7.46654,7.38798,7.32031,7.25542,7.19545,7.13486,7.06483,6.9941,6.92161,6.84236,6.76178,6.6767,6.5939,6.50705,6.42473,6.33834,6.25097,6.16686,6.07112,5.98563,5.89877,5.81112,5.71597,5.63208,5.54693,4.88782,5.34594,5.1356,5.19635,5.11041,5.02872,4.94258,4.86553,4.77551,4.69863,4.62111,4.53876,4.46399,4.39135,4.32334,4.25236,4.19479,4.13018,4.06872,4.02139,3.97688,3.93511,3.91182,3.89474,3.87907,3.86848,3.85981,3.85337,3.84064,3.78993,3.77284,3.76005,3.75099,3.74065,3.7375,3.73046,3.73056,3.7244,3.72656,3.72503,3.72523,3.72731,3.72898,3.73062,3.72514,3.72777,3.72682,3.7299,3.73033,3.73351,3.72549,3.72568
7.76572,7.7633,7.76632,7.76977,7.77204,7.77289,7.7748,7.7693,7.77003,7.77576,7.76951,7.77255,7.76655,7.76451,7.75843,7.76144,7.74962,7.74328,7.73034,7.72039,7.70555,7.69356,7.66942,7.64677,7.62321,7.58903,7.55126,7.50716,7.49056,7.41122,7.33911,7.27294,7.20777,7.14886,7.0857,7.01615,6.94608,6.87389,6.79595,6.71491,6.63175,6.55015,6.46525,6.38376,6.29968,6.21464,6.13203,6.03812,5.95395,5.86873,5.78353,5.6892,5.60667,5.52348,4.96987,5.32816,5.15339,5.18169,5.09749,5.01748,4.93284,4.85872,4.77095,4.69623,4.62125,4.54194,4.47076,4.40001,4.33532,4.26737,4.21244,4.15194,4.09327,4.04901,4.00571,3.96448,3.94022,3.92025,3.90134,3.88701,3.87508,3.86518,3.85366,3.81008,3.79468,3.7825,3.77323,3.76274,3.75782,3.74995,3.74988,3.7428,3.74457,3.74124,3.74095,3.74239,3.7438,3.74526,3.73827,3.74015,3.73963,3.74181,3.74235,3.74462,3.73585,3.73587
7.7581,7.75619,7.75846,7.76092,7.76237,7.7631,7.76425,7.75725,7.75796,7.76176,7.75417,7.7563,7.74887,7.74427,7.73677,7.73934,7.72434,7.71663,7.70094,7.68798,7.67095,7.6565,7.63016,7.60518,7.57953,7.54321,7.50333,7.45727,7.42957,7.35993,7.29479,7.23043,7.1649,7.10691,7.04129,6.97213,6.90257,6.83056,6.7537,6.67231,6.59086,6.51054,6.42746,6.34671,6.26476,6.18197,6.10072,6.00894,5.92576,5.84236,5.75947,5.66619,5.58495,5.50357,5.09315,5.31625,5.17425,5.17037,5.08773,5.00932,4.92617,4.85453,4.7693,4.69654,4.62392,4.54756,4.47974,4.41064,4.34928,4.28395,4.23126,4.17457,4.11843,4.0768,4.03465,3.99361,3.96765,3.94466,3.92219,3.90379,3.88832,3.87502,3.86478,3.82866,3.81511,3.80369,3.79432,3.78387,3.77735,3.76879,3.76864,3.76067,3.76202,3.75714,3.75631,3.75722,3.75822,3.75934,3.75123,3.75243,3.75227,3.75363,3.75419,3.75564,3.74624,3.74616
7.75025,7.74879,7.75044,7.75185,7.75257,7.75309,7.75366,7.74522,7.74575,7.74777,7.73901,7.74021,7.73151,7.72453,7.71574,7.71768,7.69992,7.69096,7.67283,7.65714,7.63819,7.62149,7.59325,7.5662,7.53881,7.50066,7.45875,7.41159,7.37336,7.3132,7.25498,7.19256,7.12681,7.06963,7.00177,6.93301,6.8639,6.7921,6.71616,6.63478,6.55477,6.47584,6.39444,6.31435,6.23436,6.15377,6.07378,5.98429,5.90177,5.82046,5.7397,5.64773,5.5677,5.48797,5.23312,5.31229,5.1975,5.163,5.0817,5.00484,4.92317,4.85358,4.77109,4.70002,4.62955,4.55598,4.4912,4.42362,4.36543,4.30241,4.25146,4.19819,4.14431,4.1048,4.0636,4.02259,3.99431,3.96861,3.94258,3.92009,3.90101,3.88449,3.87535,3.8465,3.83475,3.82403,3.81457,3.80428,3.79623,3.78707,3.78693,3.77807,3.77892,3.77275,3.77127,3.77174,3.77231,3.77261,3.76396,3.76458,3.76462,3.76528,3.76571,3.76647,3.75663,3.75652
7.74232,7.74121,7.74237,7.74269,7.74283,7.74298,7.74308,7.73341,7.73356,7.73399,7.72424,7.7245,7.71477,7.70557,7.69567,7.6967,7.67671,7.6666,7.64636,7.62831,7.60778,7.589,7.55917,7.53031,7.50152,7.46187,7.41849,7.37074,7.32334,7.27157,7.21962,7.15917,7.0934,7.03709,6.96725,6.899,6.83045,6.75896,6.68389,6.60303,6.52436,6.44701,6.36693,6.28749,6.20924,6.13077,6.05202,5.96454,5.8828,5.80379,5.72498,5.6346,5.5557,5.47741,5.36342,5.31682,5.22244,5.16021,5.07995,5.00462,4.92441,4.85659,4.77698,4.70715,4.63856,4.5676,4.50544,4.43927,4.38359,4.32311,4.27326,4.22295,4.17102,4.13304,4.09261,4.05156,4.02089,3.99277,3.9635,3.93719,3.91466,3.89527,3.88685,3.8645,3.85422,3.84397,3.83431,3.8242,3.81465,3.80503,3.80481,3.79507,3.79529,3.78808,3.78581,3.78591,3.78603,3.78522,3.7764,3.77653,3.77657,3.7767,3.77683,3.77701,3.76697,3.76693
7.7344,7.73364,7.73435,7.73356,7.73327,7.73287,7.73265,7.72197,7.72153,7.72059,7.71005,7.70936,7.69886,7.68767,7.6769,7.67668,7.65502,7.64385,7.62192,7.60186,7.58002,7.55947,7.52839,7.49803,7.46816,7.4273,7.38301,7.33483,7.28063,7.23557,7.18875,7.1301,7.06451,7.00917,6.93791,6.8703,6.80245,6.73157,6.65731,6.57761,6.50023,6.4243,6.34556,6.2668,6.19006,6.11364,6.03607,5.95038,5.8697,5.79305,5.71594,5.62743,5.54957,5.47252,5.47344,5.32601,5.24774,5.16258,5.08302,5.00912,4.93044,4.86402,4.78698,4.71834,4.65124,4.5827,4.5228,4.45786,4.40394,4.34583,4.29678,4.24899,4.19871,4.16161,4.12178,4.08071,4.04812,4.01768,3.98581,3.9562,3.93069,3.90901,3.9007,3.88347,3.8741,3.86387,3.85384,3.84388,3.83275,3.82281,3.82236,3.8117,3.81114,3.80307,3.79989,3.79971,3.79936,3.79756,3.78849,3.78824,3.78804,3.7878,3.78742,3.78719,3.77723,3.77738
7.72634,7.72609,7.72636,7.72444,7.72381,7.72278,7.72237,7.7109,7.70974,7.70757,7.69646,7.6948,7.68376,7.67082,7.65951,7.65766,7.63485,7.62266,7.59962,7.57768,7.55498,7.53282,7.50082,7.46956,7.43872,7.39689,7.35189,7.30408,7.24489,7.20492,7.16233,7.10513,7.03981,6.98533,6.91333,6.84666,6.77957,6.70977,6.63609,6.55822,6.48195,6.4076,6.33002,6.25212,6.17663,6.10212,6.0256,5.94184,5.86209,5.78799,5.71228,5.62578,5.5489,5.47303,5.56268,5.33715,5.27126,5.16978,5.09083,5.018,4.94112,4.87557,4.80101,4.73344,4.66729,4.60092,4.5433,4.47907,4.42643,4.3706,4.32173,4.27606,4.22743,4.1905,4.15113,4.11002,4.07578,4.04334,4.00962,3.97715,3.94938,3.92611,3.91731,3.90351,3.89454,3.88374,3.87315,3.86338,3.85051,3.8404,3.83957,3.8279,3.82655,3.81753,3.81351,3.81315,3.81218,3.80941,3.80017,3.79966,3.799,3.79853,3.79746,3.79697,3.78734,3.78784
7.7181,7.71828,7.71833,7.71527,7.71438,7.71263,7.71216,7.70011,7.69815,7.69483,7.68335,7.68072,7.66935,7.65488,7.64333,7.6395,7.61603,7.60288,7.57923,7.55554,7.53237,7.50874,7.47604,7.44433,7.4128,7.37021,7.3247,7.27793,7.21536,7.17878,7.13972,7.08381,7.01884,6.9651,6.89299,6.82753,6.76155,6.69277,6.6196,6.54413,6.46883,6.39619,6.31961,6.24269,6.16824,6.09549,6.01992,5.9382,5.85928,5.78788,5.71337,5.629,5.55293,5.47821,5.63478,5.35064,5.29295,5.18099,5.10251,5.03058,4.95575,4.89059,4.81841,4.75181,4.68643,4.6218,4.56641,4.5024,4.4506,4.39698,4.34775,4.30369,4.25675,4.21947,4.18042,4.13925,4.10358,4.06946,4.03471,3.99983,3.97027,3.94603,3.9362,3.92433,3.91532,3.90344,3.89211,3.88257,3.86785,3.85769,3.85635,3.84363,3.84147,3.83159,3.82663,3.82619,3.82447,3.82073,3.81139,3.81076,3.80941,3.80885,3.80695,3.80634,3.79724,3.7982
7.70963,7.71021,7.71019,7.70597,7.7049,7.70237,7.70194,7.68949,7.68665,7.68227,7.67062,7.66702,7.6555,7.63971,7.62815,7.62222,7.59841,7.58434,7.56051,7.5352,7.51189,7.48696,7.45391,7.42173,7.38994,7.34683,7.301,7.25578,7.19129,7.15694,7.12018,7.06551,7.00114,6.94805,6.87635,6.81232,6.74787,6.67969,6.60733,6.53463,6.46017,6.38932,6.31361,6.23752,6.16421,6.09315,6.01833,5.93875,5.86056,5.79194,5.71843,5.63646,5.56102,5.48729,5.69347,5.36672,5.31286,5.19579,5.11709,5.0463,4.97362,4.90845,4.83855,4.77283,4.70819,4.64491,4.59136,4.52734,4.476,4.42449,4.37446,4.33188,4.28618,4.2482,4.20941,4.16816,4.13126,4.09577,4.06061,4.02417,3.99282,3.96819,3.95691,3.94566,3.93623,3.92292,3.91057,3.90133,3.8847,3.8746,3.87264,3.85883,3.85584,3.84552,3.83922,3.83876,3.8362,3.83146,3.82212,3.8215,3.81928,3.81874,3.81588,3.81526,3.80688,3.80834
7.70088,7.70184,7.70189,7.69648,7.69529,7.69194,7.69163,7.67894,7.67519,7.66984,7.65814,7.65361,7.64208,7.62517,7.61379,7.60567,7.58183,7.56686,7.54318,7.51643,7.49325,7.46716,7.43401,7.4015,7.36971,7.32627,7.28034,7.23709,7.17193,7.13877,7.10347,7.04959,6.9863,6.93372,6.8629,6.80047,6.73777,6.67024,6.59876,6.52905,6.45527,6.38626,6.31131,6.23602,6.16404,6.09446,6.02018,5.94274,5.86525,5.79945,5.72677,5.64748,5.57251,5.49954,5.74281,5.38465,5.33105,5.21333,5.13418,5.06459,4.99401,4.92851,4.86076,4.79584,4.73184,4.66976,4.61742,4.55342,4.50219,4.45266,4.4015,4.36016,4.31509,4.27638,4.23778,4.19652,4.15859,4.12199,4.08692,4.04938,4.0165,3.99198,3.97895,3.96722,3.95704,3.94199,3.92856,3.91949,3.90096,3.89103,3.88834,3.87345,3.86961,3.85909,3.85126,3.85078,3.84732,3.84162,3.83234,3.83181,3.82858,3.82816,3.82425,3.82372,3.81619,3.81814
7.6918,7.69311,7.69333,7.68673,7.6855,7.68128,7.68112,7.66837,7.66367,7.65746,7.64581,7.64038,7.62898,7.61112,7.60005,7.58971,7.56608,7.55027,7.52696,7.49898,7.47616,7.44906,7.41601,7.38336,7.3517,7.30806,7.26231,7.22129,7.15653,7.12365,7.08922,7.03557,6.97391,6.92166,6.8521,6.7914,6.73056,6.66395,6.59337,6.52673,6.45344,6.38624,6.31199,6.23751,6.16706,6.09871,6.02479,5.94946,5.87264,5.80962,5.73764,5.66126,5.5867,5.51422,5.78353,5.40371,5.34759,5.23286,5.15324,5.08487,5.01623,4.95013,4.88439,4.82022,4.75676,4.69573,4.64399,4.58013,4.52872,4.48103,4.4285,4.38812,4.34314,4.30373,4.26523,4.22408,4.18531,4.14784,4.11326,4.07486,4.04085,4.01681,4.00184,3.98874,3.97755,3.96052,3.94603,3.9369,3.91654,3.90687,3.90338,3.88742,3.88275,3.87213,3.8627,3.86217,3.85781,3.85119,3.84201,3.84162,3.83731,3.8371,3.83207,3.83169,3.82511,3.82751
7.68236,7.68392,7.68439,7.67664,7.67549,7.67032,7.67034,7.65767,7.65202,7.64503,7.63353,7.62722,7.61606,7.59743,7.58673,7.57423,7.55101,7.53438,7.5116,7.48258,7.46033,7.43235,7.39955,7.36696,7.33567,7.29172,7.2465,7.20783,7.14435,7.11102,7.07693,7.02349,6.96357,6.91147,6.84343,6.78454,6.72562,6.66008,6.59069,6.527,6.45401,6.38853,6.31493,6.24129,6.17246,6.10489,6.0315,5.95813,5.88202,5.82172,5.75031,5.67691,5.60286,5.5306,5.80822,5.42314,5.36254,5.25366,5.17358,5.10668,5.0396,4.97271,4.90877,4.84532,4.78231,4.72219,4.67083,4.60697,4.55507,4.50911,4.4551,4.41541,4.37015,4.33015,4.29145,4.25059,4.21118,4.17305,4.13923,4.10023,4.06559,4.04207,4.02504,4.00994,3.99753,3.97836,3.96284,3.95323,3.93134,3.92202,3.91766,3.9007,3.89518,3.88456,3.87347,3.87284,3.86766,3.86015,3.85109,3.85087,3.84545,3.84557,3.83934,3.83913,3.83358,3.83631
7.67251,7.67422,7.67493,7.66614,7.66518,7.659,7.65919,7.64674,7.64017,7.63247,7.62119,7.61405,7.60319,7.58396,7.57363,7.55909,7.53642,7.51902,7.49688,7.467,7.44546,7.41675,7.38431,7.35195,7.32121,7.27689,7.23258,7.19616,7.13463,7.10032,7.06611,7.01297,6.95473,6.90276,6.83636,6.77933,6.72232,6.6579,6.59001,6.52908,6.45631,6.39238,6.31944,6.24662,6.17944,6.11228,6.03959,5.96794,5.8927,5.83498,5.76405,5.69357,5.62013,5.548,5.80622,5.44221,5.37596,5.275,5.19449,5.12927,5.06338,4.99566,4.93324,4.8705,4.80791,4.74848,4.69743,4.63338,4.58072,4.53643,4.48091,4.4417,4.39594,4.35541,4.31613,4.2758,4.23596,4.19733,4.16446,4.12512,4.09026,4.06714,4.04798,4.03054,4.01676,3.99537,3.97886,3.96841,3.94533,3.93637,3.93111,3.91322,3.90687,3.89631,3.88352,3.88265,3.87685,3.86851,3.85957,3.85951,3.85301,3.85351,3.84605,3.84601,3.84153,3.84444
7.6622,7.66391,7.66485,7.65517,7.65442,7.64725,7.64759,7.63548,7.62802,7.6197,7.60868,7.6008,7.59025,7.57057,7.56056,7.54419,7.52215,7.50402,7.4827,7.45196,7.43126,7.40194,7.36996,7.33796,7.30787,7.26344,7.22017,7.18572,7.12663,7.09098,7.05626,7.00353,6.94651,6.89515,6.83037,6.77518,6.72003,6.65673,6.59054,6.53187,6.45968,6.39704,6.32478,6.25279,6.18719,6.12024,6.04827,5.97811,5.90398,5.84866,5.77813,5.71038,5.63766,5.56581,5.76722,5.46017,5.3879,5.29616,5.21528,5.15178,5.08671,5.01839,4.95716,4.89512,4.83292,4.77396,4.7232,4.65867,4.60514,4.56253,4.50559,4.46662,4.4203,4.37925,4.33906,4.29947,4.25938,4.22042,4.18856,4.14915,4.11436,4.09135,4.07008,4.05027,4.03502,4.01143,3.99396,3.98245,3.95859,3.94982,3.94364,3.92495,3.91776,3.90729,3.89284,3.8914,3.88539,3.87626,3.8674,3.86748,3.85996,3.86084,3.85221,3.85231,3.84891,3.85177
7.65139,7.65293,7.65403,7.64365,7.64312,7.63502,7.63544,7.62379,7.61551,7.60662,7.59591,7.58736,7.57717,7.55712,7.54732,7.52938,7.50802,7.48921,7.46879,7.43731,7.41742,7.38764,7.35615,7.32464,7.29517,7.25094,7.2088,7.17594,7.11959,7.08244,7.04694,6.99465,6.9385,6.88828,6.82493,6.77153,6.71812,6.6559,6.59147,6.53465,6.4635,6.40171,6.33025,6.25909,6.19499,6.12817,6.05688,5.98786,5.91518,5.862,5.7918,5.72654,5.65458,5.5832,5.70115,5.47488,5.39844,5.31642,5.23527,5.17336,5.10889,5.04014,4.97978,4.91854,4.85675,4.79806,4.74757,4.68239,4.62809,4.58685,4.52875,4.48982,4.44294,4.40138,4.36009,4.32121,4.28128,4.24202,4.21115,4.17189,4.13736,4.11423,4.09087,4.06886,4.05211,4.0264,4.00802,3.99539,3.97103,3.96226,3.95517,3.93581,3.92779,3.91744,3.9014,3.89913,3.89322,3.88346,3.87456,3.87473,3.86629,3.86746,3.85781,3.85799,3.85566,3.8582
7.64003,7.64119,7.64236,7.63152,7.63121,7.62227,7.62263,7.61156,7.60255,7.59317,7.58276,7.57361,7.56385,7.54349,7.53372,7.51455,7.49384,7.47441,7.45482,7.42296,7.40358,7.37354,7.34256,7.31162,7.28267,7.23887,7.19785,7.16622,7.11276,7.07413,7.03766,6.98581,6.93043,6.88172,6.81958,6.76781,6.71596,6.65475,6.59201,6.53678,6.46706,6.4055,6.33513,6.2648,6.20209,6.13544,6.06478,5.99654,5.92567,5.87423,5.80435,5.74123,5.67002,5.59921,5.63863,5.48235,5.40763,5.33504,5.25381,5.19315,5.12926,5.06005,5.00032,4.94013,4.87878,4.82017,4.76994,4.70413,4.64953,4.60875,4.55002,4.51097,4.46358,4.42157,4.37919,4.34064,4.30156,4.26187,4.23185,4.1929,4.15876,4.13548,4.11004,4.08604,4.06779,4.04014,4.02093,4.00724,3.98251,3.97362,3.96562,3.94576,3.93691,3.92668,3.90919,3.90603,3.90027,3.89029,3.88101,3.88119,3.872,3.87331,3.86286,3.86306,3.86171,3.86361
7.62807,7.62862,7.62975,7.6187,7.61859,7.60892,7.60909,7.5987,7.58906,7.57925,7.56914,7.55943,7.54999,7.5295,7.51955,7.49959,7.47945,7.45947,7.44045,7.40852,7.38958,7.35936,7.32885,7.29855,7.26994,7.22676,7.18669,7.15592,7.1054,7.0655,7.02797,6.97656,6.92199,6.87463,6.81385,6.76344,6.71293,6.65264,6.59145,6.53762,6.46928,6.4079,6.33871,6.26921,6.20774,6.14139,6.07133,6.00381,5.9348,5.88462,5.81503,5.75364,5.68319,5.61292,5.58468,5.48645,5.41554,5.35132,5.2702,5.21042,5.14718,5.07771,5.01823,4.95925,4.89841,4.83969,4.78979,4.7235,4.66869,4.62786,4.56906,4.5297,4.48192,4.43958,4.39629,4.35784,4.31982,4.27969,4.25026,4.21176,4.17805,4.15471,4.12737,4.10154,4.08186,4.05251,4.03256,4.01791,3.99287,3.98382,3.97495,3.95473,3.94507,3.93494,3.91617,3.91222,3.90648,3.89648,3.88671,3.88681,3.87706,3.87831,3.86737,3.86749,3.86701,3.86789
7.61544,7.61512,7.61608,7.60512,7.60517,7.5949,7.59479,7.58511,7.57495,7.56478,7.55493,7.54472,7.53536,7.51501,7.50465,7.48439,7.46466,7.44422,7.42545,7.39366,7.37501,7.3448,7.31469,7.28505,7.25656,7.21417,7.17478,7.14485,7.09678,7.056,7.01741,6.96649,6.91271,6.86637,6.80691,6.75785,6.70843,6.6489,6.58913,6.53643,6.46925,6.40835,6.34029,6.2716,6.21125,6.14531,6.07584,6.00916,5.94151,5.89241,5.82312,5.76299,5.6933,5.62355,5.5444,5.49015,5.42217,5.36453,5.2838,5.22448,5.16192,5.09261,5.03327,4.97525,4.91506,4.85606,4.80657,4.74,4.68496,4.64418,4.58548,4.54568,4.49766,4.45515,4.4112,4.37276,4.33541,4.29518,4.26601,4.22805,4.19478,4.17141,4.14255,4.11496,4.09409,4.06337,4.04282,4.02733,4.00204,3.99278,3.98296,3.96269,3.95221,3.94215,3.92231,3.91767,3.91183,3.90176,3.89165,3.89155,3.88149,3.88242,3.87134,3.87125,3.87148,3.87096
7.6017,7.60063,7.60147,7.59077,7.59094,7.58021,7.57969,7.57076,7.56021,7.54975,7.54009,7.52948,7.52,7.49996,7.48899,7.46881,7.4494,7.42856,7.40981,7.37836,7.35971,7.32969,7.29995,7.2708,7.24239,7.20088,7.16193,7.13266,7.08665,7.04529,7.00576,6.95553,6.90219,6.8569,6.79861,6.75067,6.70231,6.6434,6.58491,6.53287,6.46688,6.40653,6.33954,6.27153,6.21243,6.14664,6.07791,6.01202,5.94561,5.89723,5.82817,5.76922,5.70026,5.63094,5.51356,5.49244,5.42705,5.37449,5.29425,5.23526,5.1731,5.10431,5.04512,4.9878,4.92849,4.86934,4.82009,4.75333,4.69833,4.65738,4.59915,4.55887,4.51046,4.46812,4.4236,4.38518,4.34837,4.30816,4.27906,4.24149,4.20889,4.18519,4.1552,4.12624,4.10433,4.07278,4.05178,4.03528,4.0101,4.00045,3.98968,3.96961,3.9583,3.94831,3.92759,3.92221,3.91633,3.9062,3.89584,3.89537,3.88527,3.88577,3.87478,3.87434,3.87513,3.87323
7.58682,7.58525,7.58598,7.5757,7.57597,7.5649,7.56386,7.55569,7.54485,7.53419,7.52466,7.51375,7.50398,7.48437,7.47266,7.45274,7.43368,7.41251,7.39358,7.36266,7.34374,7.31408,7.28449,7.25582,7.22748,7.18692,7.14823,7.11935,7.07514,7.03323,6.99304,6.94376,6.89046,6.84637,6.7891,6.74197,6.69425,6.63619,6.579,6.52711,6.4624,6.40258,6.33663,6.26954,6.21143,6.14553,6.07771,6.01249,5.94734,5.89929,5.83043,5.77256,5.70434,5.63536,5.48946,5.49312,5.43012,5.3811,5.30173,5.24308,5.18095,5.11301,5.05397,4.99713,4.93867,4.87975,4.8306,4.76369,4.70905,4.66764,4.61026,4.56908,4.52057,4.47865,4.43363,4.39524,4.35894,4.31878,4.28954,4.25232,4.2206,4.19622,4.16545,4.13558,4.11271,4.08075,4.05954,4.04183,4.01718,4.00693,3.99526,3.97556,3.96343,3.95353,3.93208,3.92587,3.92006,3.90988,3.89933,3.89829,3.88847,3.88846,3.87773,3.87682,3.87801,3.87489
7.57092,7.56906,7.56957,7.55998,7.56033,7.54903,7.54736,7.53997,7.52894,7.51814,7.50869,7.49756,7.48735,7.4683,7.45576,7.43616,7.41757,7.3961,7.37681,7.34659,7.32717,7.298,7.26851,7.24022,7.21188,7.17236,7.13374,7.10505,7.06238,7.02005,6.97919,6.9312,6.87766,6.83487,6.77848,6.73188,6.68449,6.62703,6.57142,6.51935,6.45597,6.39668,6.33174,6.2655,6.2081,6.14227,6.07544,6.01081,5.9469,5.89881,5.83006,5.77295,5.70574,5.63706,5.47139,5.49219,5.43153,5.3847,5.30636,5.24813,5.18579,5.119,5.06009,5.00355,4.94609,4.88722,4.83833,4.77137,4.71734,4.67522,4.61905,4.57681,4.52878,4.48697,4.44151,4.40318,4.36734,4.32723,4.29773,4.26103,4.23007,4.20477,4.17353,4.14312,4.1194,4.08743,4.06607,4.04721,4.02334,4.01232,3.99978,3.98064,3.96768,3.95787,3.93585,3.92872,3.92308,3.91289,3.90219,3.9005,3.89114,3.8905,3.88024,3.87873,3.88019,3.87599
7.5541,7.55213,7.55232,7.54368,7.54407,7.53265,7.53026,7.52367,7.51254,7.50166,7.49226,7.48096,7.47016,7.45179,7.43834,7.41911,7.40112,7.37936,7.35952,7.33018,7.31004,7.28151,7.25207,7.22402,7.19553,7.15723,7.11855,7.08987,7.04847,7.00587,6.96439,6.91774,6.86393,6.82246,6.76684,6.72053,6.67323,6.61615,6.56203,6.50982,6.44776,6.38903,6.32507,6.25962,6.20257,6.1373,6.07133,6.00722,5.9445,5.89604,5.82733,5.77058,5.70455,5.63626,5.45861,5.48982,5.43138,5.38562,5.30849,5.25045,5.18795,5.12257,5.06376,5.00736,4.95098,4.89197,4.84347,4.77667,4.72341,4.6804,4.62572,4.58237,4.53534,4.49325,4.44752,4.40921,4.37379,4.33372,4.3039,4.26779,4.2374,4.21113,4.17968,4.14905,4.12455,4.09294,4.07153,4.05181,4.02866,4.01674,4.00334,3.98491,3.97111,3.96142,3.93902,3.93093,3.92546,3.91528,3.90449,3.90208,3.89333,3.89187,3.88235,3.88014,3.88175,3.87659
7.53648,7.53455,7.53442,7.52686,7.52726,7.51582,7.51263,7.50685,7.4957,7.48479,7.4754,7.46397,7.45247,7.4349,7.4205,7.40165,7.38439,7.36229,7.34169,7.31345,7.2924,7.26464,7.23519,7.20726,7.17848,7.14154,7.10272,7.07391,7.03353,6.99078,6.94903,6.90341,6.84952,6.80925,6.7543,6.70805,6.66068,6.60404,6.55085,6.49881,6.43796,6.37983,6.31681,6.25214,6.19514,6.1309,6.06564,6.00193,5.94036,5.89122,5.82248,5.76578,5.70097,5.63309,5.4505,5.48625,5.42983,5.38415,5.30858,5.25023,5.18778,5.12401,5.06527,5.00886,4.95356,4.89435,4.84625,4.77995,4.7275,4.68346,4.63051,4.586,4.54013,4.4977,4.45197,4.41356,4.37848,4.33847,4.3083,4.2726,4.24274,4.21569,4.18412,4.15355,4.12832,4.0974,4.07609,4.0559,4.0332,4.02029,4.00605,3.98847,3.97383,3.96431,3.94168,3.93271,3.92728,3.91714,3.90628,3.90306,3.89509,3.89261,3.88411,3.88111,3.88275,3.87674
7.51817,7.51639,7.516,7.50958,7.50998,7.49859,7.49454,7.48958,7.47847,7.46758,7.45817,7.4466,7.4343,7.41767,7.4023,7.38381,7.3674,7.34484,7.32332,7.29644,7.27432,7.24745,7.21794,7.19,7.16085,7.1253,7.08631,7.05727,7.01769,6.9749,6.93315,6.8884,6.8346,6.79528,6.74098,6.69458,6.64701,6.59088,6.53836,6.48657,6.42672,6.36929,6.30713,6.24325,6.18608,6.12305,6.05862,5.99522,5.93467,5.88458,5.81578,5.75889,5.6953,5.62776,5.44692,5.4817,5.42698,5.38059,5.30683,5.24797,5.18565,5.12361,5.06489,5.00835,4.95411,4.89471,4.84689,4.78154,4.72981,4.68468,4.63364,4.58796,4.54337,4.50045,4.45515,4.41649,4.38162,4.34167,4.31119,4.27572,4.24628,4.21878,4.18711,4.15679,4.13089,4.10096,4.07986,4.05947,4.03702,4.0231,4.00802,3.99139,3.97591,3.96658,3.94385,3.93427,3.9286,3.91851,3.90763,3.90352,3.89648,3.89285,3.88559,3.88168,3.88326,3.87651
7.49927,7.49775,7.49714,7.49191,7.49228,7.48102,7.47605,7.47192,7.4609,7.45009,7.44062,7.42888,7.41568,7.40014,7.38382,7.36564,7.35017,7.327,7.30445,7.27916,7.25584,7.22998,7.20038,7.17231,7.14281,7.10856,7.06932,7.04006,7.00104,6.95835,6.9168,6.87293,6.81936,6.78054,6.72698,6.68023,6.63238,6.57682,6.52503,6.47335,6.41416,6.35761,6.29623,6.23315,6.17568,6.11374,6.05046,5.98737,5.92764,5.87637,5.80746,5.75027,5.6879,5.62047,5.44819,5.47638,5.42298,5.37525,5.30347,5.24413,5.18189,5.12169,5.06291,5.00613,4.95291,4.89338,4.84567,4.78178,4.73051,4.68431,4.63533,4.58852,4.54525,4.5017,4.45732,4.41831,4.38342,4.34354,4.31279,4.27739,4.24828,4.22073,4.18894,4.15897,4.1324,4.10373,4.08291,4.06245,4.04023,4.02528,4.00935,3.99375,3.97745,3.96829,3.94558,3.93578,3.9295,3.91946,3.9086,3.90355,3.89755,3.89273,3.88683,3.88192,3.88336,3.87593
7.47991,7.4787,7.47797,7.47392,7.47425,7.46316,7.45724,7.45393,7.44306,7.43235,7.42281,7.41076,7.39662,7.38238,7.36515,7.34717,7.3327,7.30882,7.28538,7.26161,7.23701,7.21227,7.18255,7.15426,7.12444,7.09149,7.05179,7.02239,6.98373,6.94124,6.90003,6.85708,6.80389,6.76503,6.71242,6.66514,6.61697,6.56204,6.51099,6.45906,6.4004,6.34501,6.2843,6.22201,6.16419,6.10322,6.0411,5.97871,5.91949,5.86682,5.79778,5.74026,5.67906,5.61187,5.45462,5.47052,5.41794,5.3684,5.29869,5.23899,5.17692,5.11856,5.05961,5.00251,4.95024,4.89069,4.84294,4.7809,4.72976,4.68265,4.63581,4.58794,4.54597,4.50169,4.45838,4.41932,4.38409,4.34427,4.31335,4.27785,4.24897,4.22142,4.18991,4.16026,4.13304,4.10583,4.08534,4.06492,4.04297,4.02696,4.01016,3.99563,3.97853,3.96951,3.94694,3.93705,3.93002,3.92006,3.90926,3.90321,3.89835,3.89236,3.88792,3.88187,3.8831,3.87508
7.46019,7.45932,7.45858,7.45567,7.45595,7.44507,7.43818,7.43568,7.42499,7.41442,7.40479,7.39228,7.37719,7.36442,7.34635,7.32843,7.31502,7.29036,7.26626,7.24382,7.21788,7.19437,7.16452,7.13592,7.10587,7.07418,7.03377,7.00436,6.96584,6.92368,6.88295,6.84093,6.78823,6.74876,6.69741,6.64945,6.60093,6.5467,6.49638,6.44385,6.38564,6.33168,6.27152,6.21003,6.15185,6.09172,6.03065,5.96942,5.91041,5.85616,5.78701,5.72914,5.66908,5.60236,5.46614,5.46443,5.41199,5.36035,5.29275,5.23282,5.17103,5.11448,5.0553,4.99778,4.94638,4.88693,4.83904,4.77912,4.72783,4.67998,4.63529,4.58649,4.54574,4.50067,4.45846,4.41974,4.3838,4.34408,4.3131,4.27735,4.24864,4.22097,4.19024,4.16084,4.13295,4.1074,4.08726,4.06695,4.04537,4.02826,4.01054,3.99711,3.97924,3.97032,3.948,3.93804,3.93026,3.92037,3.90966,3.90258,3.89894,3.89181,3.88889,3.8816,3.88257,3.87401
7.44023,7.43969,7.43906,7.43722,7.43744,7.42681,7.41896,7.41723,7.40676,7.39635,7.3866,7.37353,7.35774,7.34633,7.32751,7.30947,7.29717,7.27173,7.24713,7.22587,7.19844,7.17633,7.14635,7.11736,7.0872,7.05664,7.01557,6.98613,6.94752,6.90581,6.86561,6.82454,6.77237,6.73195,6.68198,6.63327,6.58445,6.53097,6.48127,6.42801,6.37051,6.31789,6.25809,6.19739,6.13893,6.07955,6.0194,5.95929,5.9005,5.84465,5.77537,5.71726,5.65825,5.59214,5.48053,5.45904,5.40527,5.35139,5.2859,5.22583,5.16446,5.10939,5.05034,4.99225,4.94162,4.88242,4.83438,4.77659,4.7254,4.67668,4.634,4.58443,4.54475,4.49891,4.4578,4.4194,4.38266,4.34317,4.31228,4.27613,4.24757,4.21968,4.18975,4.16087,4.13231,4.10855,4.08878,4.06861,4.04748,4.02929,4.01059,3.99828,3.97967,3.97079,3.94886,3.93881,3.93028,3.9204,3.90988,3.90174,3.89938,3.89119,3.88973,3.88116,3.88183,3.87276
7.42012,7.41989,7.4195,7.41864,7.41879,7.40843,7.39963,7.39865,7.38841,7.37819,7.36832,7.35469,7.33835,7.32815,7.3087,7.29034,7.27916,7.25297,7.228,7.20782,7.17883,7.15819,7.12808,7.09866,7.06853,7.03883,6.99727,6.96773,6.92887,6.88772,6.8481,6.808,6.75619,6.71485,6.66627,6.61675,6.5677,6.51503,6.46581,6.41194,6.35517,6.30378,6.24418,6.18431,6.12568,6.06694,6.00773,5.94855,5.88991,5.83252,5.76315,5.70491,5.64689,5.58134,5.49571,5.45445,5.3979,5.34181,5.27839,5.21829,5.15731,5.10361,5.0449,4.98623,4.93622,4.87748,4.82929,4.77339,4.72265,4.67305,4.63216,4.58201,4.5432,4.49666,4.45675,4.41852,4.38085,4.34174,4.31113,4.27442,4.24602,4.21791,4.18869,4.16059,4.13127,4.10942,4.08998,4.06996,4.0493,4.03009,4.0104,3.99922,3.9799,3.971,3.94958,3.93945,3.93017,3.92023,3.90997,3.90077,3.8997,3.89056,3.8904,3.8806,3.88095,3.87141
7.4,7.4,7.4,7.4,7.40006,7.39,7.38019,7.38,7.37,7.35998,7.34998,7.33584,7.31898,7.30992,7.29,7.27111,7.26102,7.23416,7.20892,7.18976,7.15931,7.14,7.10976,7.07989,7.04996,7.02081,6.97883,6.9491,6.91,6.86952,6.83049,6.79139,6.73975,6.6978,6.65051,6.6,6.55089,6.49904,6.45017,6.39589,6.33956,6.2894,6.23,6.17099,6.11237,6.05412,5.99589,5.93763,5.87904,5.82,5.7506,5.69243,5.63526,5.57022,5.50957,5.44956,5.39,5.33194,5.27044,5.21048,5.14983,5.09764,5.03901,4.98,4.93044,4.87242,4.82409,4.76974,4.71956,4.66917,4.63,4.57949,4.54127,4.49417,4.45553,4.41744,4.37884,4.34,4.30989,4.27247,4.24425,4.21593,4.18747,4.16024,4.13,4.11013,4.09098,4.07108,4.0509,4.03064,4.01018,4,3.98003,3.97102,3.95024,3.94002,3.93,3.92,3.91,3.89971,3.89998,3.89,3.8909,3.88,3.88,3.87
